car1, car2
SENSITY-kc-2-DC9C5D59-1A7E-45E3-91DE-B15D6F1575E4,SENSITY-kc-2-7A9EAF23-3A2E-48A9-8937-B3BFF60612CB
SENSITY-kc-2-DC9C5D59-1A7E-45E3-91DE-B15D6F1575E4,SENSITY-kc-2-31A4CC3D-A3B9-40C1-B459-5067E6D544A5
SENSITY-kc-2-DC9C5D59-1A7E-45E3-91DE-B15D6F1575E4,SENSITY-kc-2-D8C01EEB-467F-41BA-937B-F64A3C200268
SENSITY-kc-2-DC9C5D59-1A7E-45E3-91DE-B15D6F1575E4,SENSITY-kc-2-77A44D39-F8D5-40C0-A9E1-E7FD7C72EF77
SENSITY-kc-2-DC9C5D59-1A7E-45E3-91DE-B15D6F1575E4,SENSITY-kc-2-91642E0B-2EC1-435F-81E6-EE8542640DE4
SENSITY-kc-2-DC9C5D59-1A7E-45E3-91DE-B15D6F1575E4,SENSITY-kc-2-67FEB8E7-4C9C-4F23-B99C-738518325702
SENSITY-kc-2-9A256036-FC08-4589-ABF3-37CA2B2485E3,SENSITY-kc-2-2FB51024-4F24-48F8-9CB9-85E999DBF4DE
SENSITY-kc-2-9A256036-FC08-4589-ABF3-37CA2B2485E3,SENSITY-kc-2-89C85383-0E46-48D4-AF72-F9383C0853C1
SENSITY-kc-2-9A256036-FC08-4589-ABF3-37CA2B2485E3,SENSITY-kc-2-CD8A418E-0672-4400-B524-D04805D21BC8
SENSITY-kc-2-9A256036-FC08-4589-ABF3-37CA2B2485E3,SENSITY-kc-2-C66C663C-F1C2-416B-A5F2-B9359EC7CD08
SENSITY-kc-2-2FB51024-4F24-48F8-9CB9-85E999DBF4DE,SENSITY-kc-2-89C85383-0E46-48D4-AF72-F9383C0853C1
SENSITY-kc-2-2FB51024-4F24-48F8-9CB9-85E999DBF4DE,SENSITY-kc-2-CD8A418E-0672-4400-B524-D04805D21BC8
SENSITY-kc-2-2FB51024-4F24-48F8-9CB9-85E999DBF4DE,SENSITY-kc-2-C66C663C-F1C2-416B-A5F2-B9359EC7CD08
SENSITY-kc-2-2FB51024-4F24-48F8-9CB9-85E999DBF4DE,SENSITY-kc-2-67FEB8E7-4C9C-4F23-B99C-738518325702
SENSITY-kc-2-0482F13C-BDDE-4A0E-9A09-2EF9F9F79F85,SENSITY-kc-2-76CE644D-B63F-4AED-81B4-B2CF3776989D
SENSITY-kc-2-0482F13C-BDDE-4A0E-9A09-2EF9F9F79F85,SENSITY-kc-2-9A6DD1A0-299B-4FF5-B04C-DCF5A2004D56
SENSITY-kc-2-0482F13C-BDDE-4A0E-9A09-2EF9F9F79F85,SENSITY-kc-2-B7188614-9D1A-48FE-90EA-B5D738799363
SENSITY-kc-2-0482F13C-BDDE-4A0E-9A09-2EF9F9F79F85,SENSITY-kc-2-18EBB8FC-D9D7-45AE-A30A-C19A5BC57836
SENSITY-kc-2-0482F13C-BDDE-4A0E-9A09-2EF9F9F79F85,SENSITY-kc-2-2B3E8BA7-A1AC-4E52-9274-99800CE8E6C1
SENSITY-kc-2-76CE644D-B63F-4AED-81B4-B2CF3776989D,SENSITY-kc-2-9A6DD1A0-299B-4FF5-B04C-DCF5A2004D56
SENSITY-kc-2-76CE644D-B63F-4AED-81B4-B2CF3776989D,SENSITY-kc-2-B7188614-9D1A-48FE-90EA-B5D738799363
SENSITY-kc-2-76CE644D-B63F-4AED-81B4-B2CF3776989D,SENSITY-kc-2-18EBB8FC-D9D7-45AE-A30A-C19A5BC57836
SENSITY-kc-2-76CE644D-B63F-4AED-81B4-B2CF3776989D,SENSITY-kc-2-871B525B-D64D-4434-8DE2-424FBC1D0795
SENSITY-kc-2-76CE644D-B63F-4AED-81B4-B2CF3776989D,SENSITY-kc-2-2B3E8BA7-A1AC-4E52-9274-99800CE8E6C1
SENSITY-kc-2-76CE644D-B63F-4AED-81B4-B2CF3776989D,SENSITY-kc-2-31A4CC3D-A3B9-40C1-B459-5067E6D544A5
SENSITY-kc-2-76CE644D-B63F-4AED-81B4-B2CF3776989D,SENSITY-kc-2-77A44D39-F8D5-40C0-A9E1-E7FD7C72EF77
SENSITY-kc-2-9A6DD1A0-299B-4FF5-B04C-DCF5A2004D56,SENSITY-kc-2-B7188614-9D1A-48FE-90EA-B5D738799363
SENSITY-kc-2-9A6DD1A0-299B-4FF5-B04C-DCF5A2004D56,SENSITY-kc-2-18EBB8FC-D9D7-45AE-A30A-C19A5BC57836
SENSITY-kc-2-9A6DD1A0-299B-4FF5-B04C-DCF5A2004D56,SENSITY-kc-2-871B525B-D64D-4434-8DE2-424FBC1D0795
SENSITY-kc-2-9A6DD1A0-299B-4FF5-B04C-DCF5A2004D56,SENSITY-kc-2-2B3E8BA7-A1AC-4E52-9274-99800CE8E6C1
SENSITY-kc-2-B7188614-9D1A-48FE-90EA-B5D738799363,SENSITY-kc-2-18EBB8FC-D9D7-45AE-A30A-C19A5BC57836
SENSITY-kc-2-B7188614-9D1A-48FE-90EA-B5D738799363,SENSITY-kc-2-871B525B-D64D-4434-8DE2-424FBC1D0795
SENSITY-kc-2-B7188614-9D1A-48FE-90EA-B5D738799363,SENSITY-kc-2-2B3E8BA7-A1AC-4E52-9274-99800CE8E6C1
SENSITY-kc-2-B7188614-9D1A-48FE-90EA-B5D738799363,SENSITY-kc-2-31A4CC3D-A3B9-40C1-B459-5067E6D544A5
SENSITY-kc-2-B7188614-9D1A-48FE-90EA-B5D738799363,SENSITY-kc-2-77A44D39-F8D5-40C0-A9E1-E7FD7C72EF77
SENSITY-kc-2-18EBB8FC-D9D7-45AE-A30A-C19A5BC57836,SENSITY-kc-2-871B525B-D64D-4434-8DE2-424FBC1D0795
SENSITY-kc-2-18EBB8FC-D9D7-45AE-A30A-C19A5BC57836,SENSITY-kc-2-2B3E8BA7-A1AC-4E52-9274-99800CE8E6C1
SENSITY-kc-2-89C85383-0E46-48D4-AF72-F9383C0853C1,SENSITY-kc-2-CD8A418E-0672-4400-B524-D04805D21BC8
SENSITY-kc-2-89C85383-0E46-48D4-AF72-F9383C0853C1,SENSITY-kc-2-C66C663C-F1C2-416B-A5F2-B9359EC7CD08
SENSITY-kc-2-89C85383-0E46-48D4-AF72-F9383C0853C1,SENSITY-kc-2-67FEB8E7-4C9C-4F23-B99C-738518325702
SENSITY-kc-2-871B525B-D64D-4434-8DE2-424FBC1D0795,SENSITY-kc-2-2B3E8BA7-A1AC-4E52-9274-99800CE8E6C1
SENSITY-kc-2-871B525B-D64D-4434-8DE2-424FBC1D0795,SENSITY-kc-2-31A4CC3D-A3B9-40C1-B459-5067E6D544A5
SENSITY-kc-2-871B525B-D64D-4434-8DE2-424FBC1D0795,SENSITY-kc-2-77A44D39-F8D5-40C0-A9E1-E7FD7C72EF77
SENSITY-kc-2-CD8A418E-0672-4400-B524-D04805D21BC8,SENSITY-kc-2-C66C663C-F1C2-416B-A5F2-B9359EC7CD08
SENSITY-kc-2-C66C663C-F1C2-416B-A5F2-B9359EC7CD08,SENSITY-kc-2-67FEB8E7-4C9C-4F23-B99C-738518325702
SENSITY-kc-2-7A9EAF23-3A2E-48A9-8937-B3BFF60612CB,SENSITY-kc-2-31A4CC3D-A3B9-40C1-B459-5067E6D544A5
SENSITY-kc-2-7A9EAF23-3A2E-48A9-8937-B3BFF60612CB,SENSITY-kc-2-D8C01EEB-467F-41BA-937B-F64A3C200268
SENSITY-kc-2-7A9EAF23-3A2E-48A9-8937-B3BFF60612CB,SENSITY-kc-2-77A44D39-F8D5-40C0-A9E1-E7FD7C72EF77
SENSITY-kc-2-7A9EAF23-3A2E-48A9-8937-B3BFF60612CB,SENSITY-kc-2-91642E0B-2EC1-435F-81E6-EE8542640DE4
SENSITY-kc-2-7A9EAF23-3A2E-48A9-8937-B3BFF60612CB,SENSITY-kc-2-67FEB8E7-4C9C-4F23-B99C-738518325702
SENSITY-kc-2-31A4CC3D-A3B9-40C1-B459-5067E6D544A5,SENSITY-kc-2-D8C01EEB-467F-41BA-937B-F64A3C200268
SENSITY-kc-2-31A4CC3D-A3B9-40C1-B459-5067E6D544A5,SENSITY-kc-2-77A44D39-F8D5-40C0-A9E1-E7FD7C72EF77
SENSITY-kc-2-31A4CC3D-A3B9-40C1-B459-5067E6D544A5,SENSITY-kc-2-91642E0B-2EC1-435F-81E6-EE8542640DE4
SENSITY-kc-2-D8C01EEB-467F-41BA-937B-F64A3C200268,SENSITY-kc-2-77A44D39-F8D5-40C0-A9E1-E7FD7C72EF77
SENSITY-kc-2-D8C01EEB-467F-41BA-937B-F64A3C200268,SENSITY-kc-2-91642E0B-2EC1-435F-81E6-EE8542640DE4
SENSITY-kc-2-77A44D39-F8D5-40C0-A9E1-E7FD7C72EF77,SENSITY-kc-2-91642E0B-2EC1-435F-81E6-EE8542640DE4
SENSITY-kc-5-9E490F86-89B5-432D-8195-B85ABCA1A136,SENSITY-kc-5-32D0B76F-4638-4369-B3ED-E847DC8EB948
SENSITY-kc-5-9E490F86-89B5-432D-8195-B85ABCA1A136,SENSITY-kc-5-402AD88A-F6F7-4910-B13A-F65501980EB1
SENSITY-kc-5-9E490F86-89B5-432D-8195-B85ABCA1A136,SENSITY-kc-5-24C89D28-A57E-4178-97D9-9D9AC22618F1
SENSITY-kc-5-9E490F86-89B5-432D-8195-B85ABCA1A136,SENSITY-kc-5-DD9BA9E5-30F6-4550-BC4B-66A1BDA3E5E6
SENSITY-kc-5-9E490F86-89B5-432D-8195-B85ABCA1A136,SENSITY-kc-5-6CA95041-E54A-4EDF-9FC7-D5FC70A5F3B1
SENSITY-kc-5-9E490F86-89B5-432D-8195-B85ABCA1A136,SENSITY-kc-5-CB2BF324-0CC0-4447-9792-1C6B932D0056
SENSITY-kc-5-9E490F86-89B5-432D-8195-B85ABCA1A136,SENSITY-kc-5-92CDE6BB-750B-4E18-8BE8-5243D537AEFF
SENSITY-kc-5-9E490F86-89B5-432D-8195-B85ABCA1A136,SENSITY-kc-5-73F451B1-E1AB-40EA-B45B-3755675661ED
SENSITY-kc-5-9E490F86-89B5-432D-8195-B85ABCA1A136,SENSITY-kc-5-CC471B43-8B58-4B62-8255-BE84E30F7B4D
SENSITY-kc-5-E4DBC1F6-BE08-4C69-BFDD-0FE28680F2C7,SENSITY-kc-5-02393C8F-8C11-4EAA-9910-F3CD0EC28786
SENSITY-kc-5-E4DBC1F6-BE08-4C69-BFDD-0FE28680F2C7,SENSITY-kc-5-AEA97E6F-446C-4693-AB3B-9E823A6A850D
SENSITY-kc-5-E4DBC1F6-BE08-4C69-BFDD-0FE28680F2C7,SENSITY-kc-5-853835C6-5ABF-4385-A75B-918973113366
SENSITY-kc-5-E4DBC1F6-BE08-4C69-BFDD-0FE28680F2C7,SENSITY-kc-5-C7DC4CA2-295D-4927-92FD-C6D8F2A53EC0
SENSITY-kc-5-32D0B76F-4638-4369-B3ED-E847DC8EB948,SENSITY-kc-5-402AD88A-F6F7-4910-B13A-F65501980EB1
SENSITY-kc-5-32D0B76F-4638-4369-B3ED-E847DC8EB948,SENSITY-kc-5-24C89D28-A57E-4178-97D9-9D9AC22618F1
SENSITY-kc-5-32D0B76F-4638-4369-B3ED-E847DC8EB948,SENSITY-kc-5-DD9BA9E5-30F6-4550-BC4B-66A1BDA3E5E6
SENSITY-kc-5-32D0B76F-4638-4369-B3ED-E847DC8EB948,SENSITY-kc-5-6CA95041-E54A-4EDF-9FC7-D5FC70A5F3B1
SENSITY-kc-5-32D0B76F-4638-4369-B3ED-E847DC8EB948,SENSITY-kc-5-CB2BF324-0CC0-4447-9792-1C6B932D0056
SENSITY-kc-5-32D0B76F-4638-4369-B3ED-E847DC8EB948,SENSITY-kc-5-92CDE6BB-750B-4E18-8BE8-5243D537AEFF
SENSITY-kc-5-32D0B76F-4638-4369-B3ED-E847DC8EB948,SENSITY-kc-5-73F451B1-E1AB-40EA-B45B-3755675661ED
SENSITY-kc-5-32D0B76F-4638-4369-B3ED-E847DC8EB948,SENSITY-kc-5-CC471B43-8B58-4B62-8255-BE84E30F7B4D
SENSITY-kc-5-F4B32D53-E0E5-403F-A344-E468446CE37E,SENSITY-kc-5-950E37DE-AAAD-497E-BDE3-CC9542364627
SENSITY-kc-5-F4B32D53-E0E5-403F-A344-E468446CE37E,SENSITY-kc-5-B1958CC8-4FF5-4BEE-AADE-15F9F38722AA
SENSITY-kc-5-402AD88A-F6F7-4910-B13A-F65501980EB1,SENSITY-kc-5-24C89D28-A57E-4178-97D9-9D9AC22618F1
SENSITY-kc-5-402AD88A-F6F7-4910-B13A-F65501980EB1,SENSITY-kc-5-DD9BA9E5-30F6-4550-BC4B-66A1BDA3E5E6
SENSITY-kc-5-402AD88A-F6F7-4910-B13A-F65501980EB1,SENSITY-kc-5-CB2BF324-0CC0-4447-9792-1C6B932D0056
SENSITY-kc-5-402AD88A-F6F7-4910-B13A-F65501980EB1,SENSITY-kc-5-92CDE6BB-750B-4E18-8BE8-5243D537AEFF
SENSITY-kc-5-402AD88A-F6F7-4910-B13A-F65501980EB1,SENSITY-kc-5-73F451B1-E1AB-40EA-B45B-3755675661ED
SENSITY-kc-5-402AD88A-F6F7-4910-B13A-F65501980EB1,SENSITY-kc-5-CC471B43-8B58-4B62-8255-BE84E30F7B4D
SENSITY-kc-5-02393C8F-8C11-4EAA-9910-F3CD0EC28786,SENSITY-kc-5-AEA97E6F-446C-4693-AB3B-9E823A6A850D
SENSITY-kc-5-02393C8F-8C11-4EAA-9910-F3CD0EC28786,SENSITY-kc-5-853835C6-5ABF-4385-A75B-918973113366
SENSITY-kc-5-02393C8F-8C11-4EAA-9910-F3CD0EC28786,SENSITY-kc-5-C7DC4CA2-295D-4927-92FD-C6D8F2A53EC0
SENSITY-kc-5-24C89D28-A57E-4178-97D9-9D9AC22618F1,SENSITY-kc-5-DD9BA9E5-30F6-4550-BC4B-66A1BDA3E5E6
SENSITY-kc-5-24C89D28-A57E-4178-97D9-9D9AC22618F1,SENSITY-kc-5-6CA95041-E54A-4EDF-9FC7-D5FC70A5F3B1
SENSITY-kc-5-24C89D28-A57E-4178-97D9-9D9AC22618F1,SENSITY-kc-5-CB2BF324-0CC0-4447-9792-1C6B932D0056
SENSITY-kc-5-24C89D28-A57E-4178-97D9-9D9AC22618F1,SENSITY-kc-5-92CDE6BB-750B-4E18-8BE8-5243D537AEFF
SENSITY-kc-5-24C89D28-A57E-4178-97D9-9D9AC22618F1,SENSITY-kc-5-73F451B1-E1AB-40EA-B45B-3755675661ED
SENSITY-kc-5-24C89D28-A57E-4178-97D9-9D9AC22618F1,SENSITY-kc-5-CC471B43-8B58-4B62-8255-BE84E30F7B4D
SENSITY-kc-5-DD9BA9E5-30F6-4550-BC4B-66A1BDA3E5E6,SENSITY-kc-5-CB2BF324-0CC0-4447-9792-1C6B932D0056
SENSITY-kc-5-DD9BA9E5-30F6-4550-BC4B-66A1BDA3E5E6,SENSITY-kc-5-92CDE6BB-750B-4E18-8BE8-5243D537AEFF
SENSITY-kc-5-DD9BA9E5-30F6-4550-BC4B-66A1BDA3E5E6,SENSITY-kc-5-73F451B1-E1AB-40EA-B45B-3755675661ED
SENSITY-kc-5-DD9BA9E5-30F6-4550-BC4B-66A1BDA3E5E6,SENSITY-kc-5-CC471B43-8B58-4B62-8255-BE84E30F7B4D
SENSITY-kc-5-6CA95041-E54A-4EDF-9FC7-D5FC70A5F3B1,SENSITY-kc-5-CB2BF324-0CC0-4447-9792-1C6B932D0056
SENSITY-kc-5-6CA95041-E54A-4EDF-9FC7-D5FC70A5F3B1,SENSITY-kc-5-92CDE6BB-750B-4E18-8BE8-5243D537AEFF
SENSITY-kc-5-6CA95041-E54A-4EDF-9FC7-D5FC70A5F3B1,SENSITY-kc-5-CC471B43-8B58-4B62-8255-BE84E30F7B4D
SENSITY-kc-5-6CA95041-E54A-4EDF-9FC7-D5FC70A5F3B1,SENSITY-kc-5-2382AFF2-7BBE-4FD9-880C-BEBD87363E5B
SENSITY-kc-5-6CA95041-E54A-4EDF-9FC7-D5FC70A5F3B1,SENSITY-kc-5-950E37DE-AAAD-497E-BDE3-CC9542364627
SENSITY-kc-5-6CA95041-E54A-4EDF-9FC7-D5FC70A5F3B1,SENSITY-kc-5-B1958CC8-4FF5-4BEE-AADE-15F9F38722AA
SENSITY-kc-5-6CA95041-E54A-4EDF-9FC7-D5FC70A5F3B1,SENSITY-kc-5-A1B9E618-0FB5-4235-8E85-76806B184EFF
SENSITY-kc-5-AEA97E6F-446C-4693-AB3B-9E823A6A850D,SENSITY-kc-5-853835C6-5ABF-4385-A75B-918973113366
SENSITY-kc-5-AEA97E6F-446C-4693-AB3B-9E823A6A850D,SENSITY-kc-5-C7DC4CA2-295D-4927-92FD-C6D8F2A53EC0
SENSITY-kc-5-CB2BF324-0CC0-4447-9792-1C6B932D0056,SENSITY-kc-5-92CDE6BB-750B-4E18-8BE8-5243D537AEFF
SENSITY-kc-5-CB2BF324-0CC0-4447-9792-1C6B932D0056,SENSITY-kc-5-73F451B1-E1AB-40EA-B45B-3755675661ED
SENSITY-kc-5-CB2BF324-0CC0-4447-9792-1C6B932D0056,SENSITY-kc-5-CC471B43-8B58-4B62-8255-BE84E30F7B4D
SENSITY-kc-5-92CDE6BB-750B-4E18-8BE8-5243D537AEFF,SENSITY-kc-5-73F451B1-E1AB-40EA-B45B-3755675661ED
SENSITY-kc-5-92CDE6BB-750B-4E18-8BE8-5243D537AEFF,SENSITY-kc-5-CC471B43-8B58-4B62-8255-BE84E30F7B4D
SENSITY-kc-5-73F451B1-E1AB-40EA-B45B-3755675661ED,SENSITY-kc-5-CC471B43-8B58-4B62-8255-BE84E30F7B4D
SENSITY-kc-5-853835C6-5ABF-4385-A75B-918973113366,SENSITY-kc-5-C7DC4CA2-295D-4927-92FD-C6D8F2A53EC0
SENSITY-kc-5-2382AFF2-7BBE-4FD9-880C-BEBD87363E5B,SENSITY-kc-5-950E37DE-AAAD-497E-BDE3-CC9542364627
SENSITY-kc-5-2382AFF2-7BBE-4FD9-880C-BEBD87363E5B,SENSITY-kc-5-B1958CC8-4FF5-4BEE-AADE-15F9F38722AA
SENSITY-kc-5-2382AFF2-7BBE-4FD9-880C-BEBD87363E5B,SENSITY-kc-5-A1B9E618-0FB5-4235-8E85-76806B184EFF
SENSITY-kc-5-950E37DE-AAAD-497E-BDE3-CC9542364627,SENSITY-kc-5-B1958CC8-4FF5-4BEE-AADE-15F9F38722AA
SENSITY-kc-5-950E37DE-AAAD-497E-BDE3-CC9542364627,SENSITY-kc-5-A1B9E618-0FB5-4235-8E85-76806B184EFF
SENSITY-kc-5-B1958CC8-4FF5-4BEE-AADE-15F9F38722AA,SENSITY-kc-5-A1B9E618-0FB5-4235-8E85-76806B184EFF
SENSITY-kc-6-CF15DFA3-3832-40EF-A40B-D42F888B05D7,SENSITY-kc-6-2EFB0AF7-72F4-4A7F-99D8-979A8FD90AFF
SENSITY-kc-6-98F5B999-45CF-46AB-82F3-CC3A731D4E52,SENSITY-kc-6-FB19B1C6-802C-40CA-A626-7E6D0A5FCC51
SENSITY-kc-6-98F5B999-45CF-46AB-82F3-CC3A731D4E52,SENSITY-kc-6-CB572982-735A-4B03-9C8C-E95E28182F78
SENSITY-kc-6-6854754E-5941-421F-B591-0701E8962E3B,SENSITY-kc-6-B45E89E4-148D-46D8-BFC0-BD5C8465D8A4
SENSITY-kc-6-6854754E-5941-421F-B591-0701E8962E3B,SENSITY-kc-6-B02BF880-4B6D-4758-8898-1125DFB94583
SENSITY-kc-6-B45E89E4-148D-46D8-BFC0-BD5C8465D8A4,SENSITY-kc-6-B02BF880-4B6D-4758-8898-1125DFB94583
SENSITY-kc-6-FB19B1C6-802C-40CA-A626-7E6D0A5FCC51,SENSITY-kc-6-CB572982-735A-4B03-9C8C-E95E28182F78
SENSITY-kc-7-061E6D28-D440-4534-A1AE-33DE7F1A7432,SENSITY-kc-7-7AE81EEF-DA81-4F40-9EF7-24EC83402BDA
SENSITY-kc-8-35D07ACA-03F6-4AF5-8B1B-15124107970D,SENSITY-kc-8-528457DC-EAFC-40D8-9139-08DD17A97BC3
SENSITY-kc-8-35D07ACA-03F6-4AF5-8B1B-15124107970D,SENSITY-kc-8-FAAA58A7-4E6A-46F5-AAE2-E42E4225C291
SENSITY-kc-8-528457DC-EAFC-40D8-9139-08DD17A97BC3,SENSITY-kc-8-FAAA58A7-4E6A-46F5-AAE2-E42E4225C291
SENSITY-kc-9-CA54876F-5B8E-476F-A294-82F04CF3F570,SENSITY-kc-9-E1D6D150-46FB-4E81-8C8D-F8C0199788ED
SENSITY-kc-9-CA54876F-5B8E-476F-A294-82F04CF3F570,SENSITY-kc-9-B84EBA9E-E271-4CEA-A233-E530DE441406
SENSITY-kc-9-E1D6D150-46FB-4E81-8C8D-F8C0199788ED,SENSITY-kc-9-EB5B7B12-2B24-4E29-AD0B-7F7EE2992389
SENSITY-kc-9-E1D6D150-46FB-4E81-8C8D-F8C0199788ED,SENSITY-kc-9-B84EBA9E-E271-4CEA-A233-E530DE441406
SENSITY-kc-9-C7C28A6B-2849-400C-98B1-EE2B5C4BAA61,SENSITY-kc-9-17F6B4AF-C58A-4F30-B6AF-3BF707C304FE
SENSITY-kc-9-C7C28A6B-2849-400C-98B1-EE2B5C4BAA61,SENSITY-kc-9-09EC50A1-4960-4904-9E8A-926C48B4BBC7
SENSITY-kc-9-C7C28A6B-2849-400C-98B1-EE2B5C4BAA61,SENSITY-kc-9-E1BADF7C-FB7E-4ABB-A701-F3440BCF3559
SENSITY-kc-9-17F6B4AF-C58A-4F30-B6AF-3BF707C304FE,SENSITY-kc-9-09EC50A1-4960-4904-9E8A-926C48B4BBC7
SENSITY-kc-9-17F6B4AF-C58A-4F30-B6AF-3BF707C304FE,SENSITY-kc-9-E1BADF7C-FB7E-4ABB-A701-F3440BCF3559
SENSITY-kc-9-09EC50A1-4960-4904-9E8A-926C48B4BBC7,SENSITY-kc-9-E1BADF7C-FB7E-4ABB-A701-F3440BCF3559
SENSITY-kc-10-162E9C0E-22A5-4320-91CD-37F5C988EF92,SENSITY-kc-10-F3859C89-5B22-43EA-92CB-8D0644C0EE12
SENSITY-kc-10-0AC1BDDB-5F24-4717-B465-5D329BAE568F,SENSITY-kc-10-2EF0182B-67D4-4F55-9A9E-3FCDD2A6696F
SENSITY-kc-10-0AC1BDDB-5F24-4717-B465-5D329BAE568F,SENSITY-kc-10-5C7671CC-AFC4-448D-88EB-024A5F61A65B
SENSITY-kc-10-2EF0182B-67D4-4F55-9A9E-3FCDD2A6696F,SENSITY-kc-10-5C7671CC-AFC4-448D-88EB-024A5F61A65B
SENSITY-kc-10-F3859C89-5B22-43EA-92CB-8D0644C0EE12,SENSITY-kc-10-5C7671CC-AFC4-448D-88EB-024A5F61A65B
SENSITY-kc-11-BBF1BEB1-4DE3-41CE-89ED-30D8AE2FA937,SENSITY-kc-11-A61C56A3-6F52-4C26-BF5D-05353D227580
SENSITY-kc-12-9837EC3F-930D-4284-AF86-58A5AB49EAD3,SENSITY-kc-12-E41B2BFA-CE45-4C7A-9022-DFB8B0016931
SENSITY-kc-12-1A53715F-2C0F-4221-9BAC-346A7E8474DB,SENSITY-kc-12-9C628CAC-8A83-4375-B43A-E465D8DCC567
SENSITY-kc-12-DD73AA8C-F123-4670-A818-69AC0767C847,SENSITY-kc-12-F7D0A2B7-E671-4845-AD89-3C6D4166ADDB
SENSITY-kc-12-DD73AA8C-F123-4670-A818-69AC0767C847,SENSITY-kc-12-DFE800C6-9E3C-40C9-9532-E2BE3742498E
SENSITY-kc-12-F0BE7606-28B0-4B8D-8074-0BC709C031EF,SENSITY-kc-12-E41B2BFA-CE45-4C7A-9022-DFB8B0016931
SENSITY-kc-14-509AA439-E59D-408F-B6C4-707AB8E2E562,SENSITY-kc-14-304380BA-2249-4A4E-BE9E-89D4B2654530
SENSITY-kc-14-509AA439-E59D-408F-B6C4-707AB8E2E562,SENSITY-kc-14-462FBA45-D930-4351-BD20-87D22EE5E7A0
SENSITY-kc-14-509AA439-E59D-408F-B6C4-707AB8E2E562,SENSITY-kc-14-D06163E3-B175-4DAD-AC91-1461A1163819
SENSITY-kc-14-509AA439-E59D-408F-B6C4-707AB8E2E562,SENSITY-kc-14-A0FB27EF-C45D-46C3-AF59-4C2BDCC79B1C
SENSITY-kc-14-509AA439-E59D-408F-B6C4-707AB8E2E562,SENSITY-kc-14-96D96E4D-3944-458D-909B-451BE269C77E
SENSITY-kc-14-509AA439-E59D-408F-B6C4-707AB8E2E562,SENSITY-kc-14-9D926468-22D7-4988-890C-15EA06006BFB
SENSITY-kc-14-509AA439-E59D-408F-B6C4-707AB8E2E562,SENSITY-kc-14-B752EBFE-DF55-4F11-8763-7D378FA71A03
SENSITY-kc-14-93C0851E-3FE2-4892-BF89-3A5C197785A9,SENSITY-kc-14-FD3E5821-6808-4798-A0EC-6044E4CA07E4
SENSITY-kc-14-93C0851E-3FE2-4892-BF89-3A5C197785A9,SENSITY-kc-14-748920BB-B000-4940-A79C-629CD357B0D4
SENSITY-kc-14-93C0851E-3FE2-4892-BF89-3A5C197785A9,SENSITY-kc-14-B87ACBD7-1872-40AC-8ABE-6F0ED71AD6F5
SENSITY-kc-14-93C0851E-3FE2-4892-BF89-3A5C197785A9,SENSITY-kc-14-BA626A5E-461A-4E60-AD7D-25F20120CF03
SENSITY-kc-14-93C0851E-3FE2-4892-BF89-3A5C197785A9,SENSITY-kc-14-3F06A51D-A2E3-4303-B8A8-F229867208CA
SENSITY-kc-14-93C0851E-3FE2-4892-BF89-3A5C197785A9,SENSITY-kc-14-2F1635B4-42AF-475F-A864-819296128E09
SENSITY-kc-14-7C4BEC5F-2D52-4569-9534-AB0E9A5A009C,SENSITY-kc-14-BF158693-168D-45CE-94DE-7921A7844213
SENSITY-kc-14-7C4BEC5F-2D52-4569-9534-AB0E9A5A009C,SENSITY-kc-14-49396803-8A95-41D4-B5FC-B3CD25432317
SENSITY-kc-14-7C4BEC5F-2D52-4569-9534-AB0E9A5A009C,SENSITY-kc-14-ABD01877-200E-41C3-9BC1-C25F281F1D28
SENSITY-kc-14-7C4BEC5F-2D52-4569-9534-AB0E9A5A009C,SENSITY-kc-14-D04897E8-FDCE-44D4-944C-0E897B897BE3
SENSITY-kc-14-7C4BEC5F-2D52-4569-9534-AB0E9A5A009C,SENSITY-kc-14-5F4BF3C4-38DB-474D-8F88-7C4690116B66
SENSITY-kc-14-7C4BEC5F-2D52-4569-9534-AB0E9A5A009C,SENSITY-kc-14-7270301E-0634-4220-AFC1-5182F196A483
SENSITY-kc-14-7C4BEC5F-2D52-4569-9534-AB0E9A5A009C,SENSITY-kc-14-3E6635CA-D05B-41D4-867A-B18AEAD4AB39
SENSITY-kc-14-7C4BEC5F-2D52-4569-9534-AB0E9A5A009C,SENSITY-kc-14-902C210C-3F8E-4D4B-8A7F-202484172DB2
SENSITY-kc-14-7C4BEC5F-2D52-4569-9534-AB0E9A5A009C,SENSITY-kc-14-D4A35CFC-474C-44D0-9954-DD792F2E6121
SENSITY-kc-14-7C4BEC5F-2D52-4569-9534-AB0E9A5A009C,SENSITY-kc-14-E0F86EE9-F6C0-43DF-A6C1-C2EDD2F6D322
SENSITY-kc-14-7C4BEC5F-2D52-4569-9534-AB0E9A5A009C,SENSITY-kc-14-91EFA6E7-148D-4616-A3F6-884966D98315
SENSITY-kc-14-7C4BEC5F-2D52-4569-9534-AB0E9A5A009C,SENSITY-kc-14-7505B17A-4919-4F0E-A561-07AF993AF6F6
SENSITY-kc-14-BF158693-168D-45CE-94DE-7921A7844213,SENSITY-kc-14-49396803-8A95-41D4-B5FC-B3CD25432317
SENSITY-kc-14-BF158693-168D-45CE-94DE-7921A7844213,SENSITY-kc-14-D04897E8-FDCE-44D4-944C-0E897B897BE3
SENSITY-kc-14-BF158693-168D-45CE-94DE-7921A7844213,SENSITY-kc-14-5F4BF3C4-38DB-474D-8F88-7C4690116B66
SENSITY-kc-14-BF158693-168D-45CE-94DE-7921A7844213,SENSITY-kc-14-3E6635CA-D05B-41D4-867A-B18AEAD4AB39
SENSITY-kc-14-BF158693-168D-45CE-94DE-7921A7844213,SENSITY-kc-14-D4A35CFC-474C-44D0-9954-DD792F2E6121
SENSITY-kc-14-BF158693-168D-45CE-94DE-7921A7844213,SENSITY-kc-14-E0F86EE9-F6C0-43DF-A6C1-C2EDD2F6D322
SENSITY-kc-14-BF158693-168D-45CE-94DE-7921A7844213,SENSITY-kc-14-7505B17A-4919-4F0E-A561-07AF993AF6F6
SENSITY-kc-14-D2D2306B-29D7-42B4-8EBC-FDF386EDCA50,SENSITY-kc-14-E4DB9990-A856-4AF9-A8A1-281872B50B3C
SENSITY-kc-14-D2D2306B-29D7-42B4-8EBC-FDF386EDCA50,SENSITY-kc-14-F4C20414-156C-40E9-BB2A-81F6C9647957
SENSITY-kc-14-D2D2306B-29D7-42B4-8EBC-FDF386EDCA50,SENSITY-kc-14-707D8329-EA25-4196-8349-AC66BD3E352F
SENSITY-kc-14-E4DB9990-A856-4AF9-A8A1-281872B50B3C,SENSITY-kc-14-F4C20414-156C-40E9-BB2A-81F6C9647957
SENSITY-kc-14-E4DB9990-A856-4AF9-A8A1-281872B50B3C,SENSITY-kc-14-707D8329-EA25-4196-8349-AC66BD3E352F
SENSITY-kc-14-F4C20414-156C-40E9-BB2A-81F6C9647957,SENSITY-kc-14-707D8329-EA25-4196-8349-AC66BD3E352F
SENSITY-kc-14-D6B00BB7-F766-4CC9-B606-0F7CD20FB084,SENSITY-kc-14-A1CB920D-676A-4804-BDA8-28E9F826919A
SENSITY-kc-14-D6B00BB7-F766-4CC9-B606-0F7CD20FB084,SENSITY-kc-14-F117DCB3-9677-40F1-9A3F-F1C475094AD7
SENSITY-kc-14-D6B00BB7-F766-4CC9-B606-0F7CD20FB084,SENSITY-kc-14-A465A206-52DA-4333-B503-C811AEBC501B
SENSITY-kc-14-D6B00BB7-F766-4CC9-B606-0F7CD20FB084,SENSITY-kc-14-39D9801A-84DB-4DC8-815C-5A6FACA059BA
SENSITY-kc-14-A1CB920D-676A-4804-BDA8-28E9F826919A,SENSITY-kc-14-748920BB-B000-4940-A79C-629CD357B0D4
SENSITY-kc-14-A1CB920D-676A-4804-BDA8-28E9F826919A,SENSITY-kc-14-A465A206-52DA-4333-B503-C811AEBC501B
SENSITY-kc-14-A1CB920D-676A-4804-BDA8-28E9F826919A,SENSITY-kc-14-B87ACBD7-1872-40AC-8ABE-6F0ED71AD6F5
SENSITY-kc-14-A1CB920D-676A-4804-BDA8-28E9F826919A,SENSITY-kc-14-BA626A5E-461A-4E60-AD7D-25F20120CF03
SENSITY-kc-14-A1CB920D-676A-4804-BDA8-28E9F826919A,SENSITY-kc-14-3F06A51D-A2E3-4303-B8A8-F229867208CA
SENSITY-kc-14-A1CB920D-676A-4804-BDA8-28E9F826919A,SENSITY-kc-14-39D9801A-84DB-4DC8-815C-5A6FACA059BA
SENSITY-kc-14-A1CB920D-676A-4804-BDA8-28E9F826919A,SENSITY-kc-14-2F1635B4-42AF-475F-A864-819296128E09
SENSITY-kc-14-FD3E5821-6808-4798-A0EC-6044E4CA07E4,SENSITY-kc-14-748920BB-B000-4940-A79C-629CD357B0D4
SENSITY-kc-14-FD3E5821-6808-4798-A0EC-6044E4CA07E4,SENSITY-kc-14-B87ACBD7-1872-40AC-8ABE-6F0ED71AD6F5
SENSITY-kc-14-FD3E5821-6808-4798-A0EC-6044E4CA07E4,SENSITY-kc-14-BA626A5E-461A-4E60-AD7D-25F20120CF03
SENSITY-kc-14-FD3E5821-6808-4798-A0EC-6044E4CA07E4,SENSITY-kc-14-3F06A51D-A2E3-4303-B8A8-F229867208CA
SENSITY-kc-14-FD3E5821-6808-4798-A0EC-6044E4CA07E4,SENSITY-kc-14-2F1635B4-42AF-475F-A864-819296128E09
SENSITY-kc-14-748920BB-B000-4940-A79C-629CD357B0D4,SENSITY-kc-14-B87ACBD7-1872-40AC-8ABE-6F0ED71AD6F5
SENSITY-kc-14-748920BB-B000-4940-A79C-629CD357B0D4,SENSITY-kc-14-BA626A5E-461A-4E60-AD7D-25F20120CF03
SENSITY-kc-14-748920BB-B000-4940-A79C-629CD357B0D4,SENSITY-kc-14-3F06A51D-A2E3-4303-B8A8-F229867208CA
SENSITY-kc-14-748920BB-B000-4940-A79C-629CD357B0D4,SENSITY-kc-14-2F1635B4-42AF-475F-A864-819296128E09
SENSITY-kc-14-304380BA-2249-4A4E-BE9E-89D4B2654530,SENSITY-kc-14-462FBA45-D930-4351-BD20-87D22EE5E7A0
SENSITY-kc-14-304380BA-2249-4A4E-BE9E-89D4B2654530,SENSITY-kc-14-D06163E3-B175-4DAD-AC91-1461A1163819
SENSITY-kc-14-304380BA-2249-4A4E-BE9E-89D4B2654530,SENSITY-kc-14-A0FB27EF-C45D-46C3-AF59-4C2BDCC79B1C
SENSITY-kc-14-304380BA-2249-4A4E-BE9E-89D4B2654530,SENSITY-kc-14-96D96E4D-3944-458D-909B-451BE269C77E
SENSITY-kc-14-304380BA-2249-4A4E-BE9E-89D4B2654530,SENSITY-kc-14-9D926468-22D7-4988-890C-15EA06006BFB
SENSITY-kc-14-304380BA-2249-4A4E-BE9E-89D4B2654530,SENSITY-kc-14-B752EBFE-DF55-4F11-8763-7D378FA71A03
SENSITY-kc-14-F117DCB3-9677-40F1-9A3F-F1C475094AD7,SENSITY-kc-14-A465A206-52DA-4333-B503-C811AEBC501B
SENSITY-kc-14-F117DCB3-9677-40F1-9A3F-F1C475094AD7,SENSITY-kc-14-39D9801A-84DB-4DC8-815C-5A6FACA059BA
SENSITY-kc-14-462FBA45-D930-4351-BD20-87D22EE5E7A0,SENSITY-kc-14-ABD01877-200E-41C3-9BC1-C25F281F1D28
SENSITY-kc-14-462FBA45-D930-4351-BD20-87D22EE5E7A0,SENSITY-kc-14-A0FB27EF-C45D-46C3-AF59-4C2BDCC79B1C
SENSITY-kc-14-462FBA45-D930-4351-BD20-87D22EE5E7A0,SENSITY-kc-14-96D96E4D-3944-458D-909B-451BE269C77E
SENSITY-kc-14-462FBA45-D930-4351-BD20-87D22EE5E7A0,SENSITY-kc-14-7270301E-0634-4220-AFC1-5182F196A483
SENSITY-kc-14-462FBA45-D930-4351-BD20-87D22EE5E7A0,SENSITY-kc-14-9D926468-22D7-4988-890C-15EA06006BFB
SENSITY-kc-14-462FBA45-D930-4351-BD20-87D22EE5E7A0,SENSITY-kc-14-902C210C-3F8E-4D4B-8A7F-202484172DB2
SENSITY-kc-14-462FBA45-D930-4351-BD20-87D22EE5E7A0,SENSITY-kc-14-B752EBFE-DF55-4F11-8763-7D378FA71A03
SENSITY-kc-14-462FBA45-D930-4351-BD20-87D22EE5E7A0,SENSITY-kc-14-D4A35CFC-474C-44D0-9954-DD792F2E6121
SENSITY-kc-14-462FBA45-D930-4351-BD20-87D22EE5E7A0,SENSITY-kc-14-91EFA6E7-148D-4616-A3F6-884966D98315
SENSITY-kc-14-B801DF29-2BE5-4DA5-9341-193CDF27C33B,SENSITY-kc-14-D06163E3-B175-4DAD-AC91-1461A1163819
SENSITY-kc-14-B801DF29-2BE5-4DA5-9341-193CDF27C33B,SENSITY-kc-14-9E2AF1B9-34C2-417E-A2DF-E498D9CDAA64
SENSITY-kc-14-B801DF29-2BE5-4DA5-9341-193CDF27C33B,SENSITY-kc-14-96D96E4D-3944-458D-909B-451BE269C77E
SENSITY-kc-14-B801DF29-2BE5-4DA5-9341-193CDF27C33B,SENSITY-kc-14-03740008-63C0-4D7C-A25F-63C7041508D2
SENSITY-kc-14-B801DF29-2BE5-4DA5-9341-193CDF27C33B,SENSITY-kc-14-9C71B41C-7EAB-4F18-8811-5BD78BC809A5
SENSITY-kc-14-A465A206-52DA-4333-B503-C811AEBC501B,SENSITY-kc-14-39D9801A-84DB-4DC8-815C-5A6FACA059BA
SENSITY-kc-14-49396803-8A95-41D4-B5FC-B3CD25432317,SENSITY-kc-14-D04897E8-FDCE-44D4-944C-0E897B897BE3
SENSITY-kc-14-49396803-8A95-41D4-B5FC-B3CD25432317,SENSITY-kc-14-5F4BF3C4-38DB-474D-8F88-7C4690116B66
SENSITY-kc-14-49396803-8A95-41D4-B5FC-B3CD25432317,SENSITY-kc-14-3E6635CA-D05B-41D4-867A-B18AEAD4AB39
SENSITY-kc-14-49396803-8A95-41D4-B5FC-B3CD25432317,SENSITY-kc-14-D4A35CFC-474C-44D0-9954-DD792F2E6121
SENSITY-kc-14-49396803-8A95-41D4-B5FC-B3CD25432317,SENSITY-kc-14-E0F86EE9-F6C0-43DF-A6C1-C2EDD2F6D322
SENSITY-kc-14-49396803-8A95-41D4-B5FC-B3CD25432317,SENSITY-kc-14-91EFA6E7-148D-4616-A3F6-884966D98315
SENSITY-kc-14-49396803-8A95-41D4-B5FC-B3CD25432317,SENSITY-kc-14-7505B17A-4919-4F0E-A561-07AF993AF6F6
SENSITY-kc-14-ABD01877-200E-41C3-9BC1-C25F281F1D28,SENSITY-kc-14-A0FB27EF-C45D-46C3-AF59-4C2BDCC79B1C
SENSITY-kc-14-ABD01877-200E-41C3-9BC1-C25F281F1D28,SENSITY-kc-14-7270301E-0634-4220-AFC1-5182F196A483
SENSITY-kc-14-ABD01877-200E-41C3-9BC1-C25F281F1D28,SENSITY-kc-14-9D926468-22D7-4988-890C-15EA06006BFB
SENSITY-kc-14-ABD01877-200E-41C3-9BC1-C25F281F1D28,SENSITY-kc-14-902C210C-3F8E-4D4B-8A7F-202484172DB2
SENSITY-kc-14-D06163E3-B175-4DAD-AC91-1461A1163819,SENSITY-kc-14-A0FB27EF-C45D-46C3-AF59-4C2BDCC79B1C
SENSITY-kc-14-D06163E3-B175-4DAD-AC91-1461A1163819,SENSITY-kc-14-9E2AF1B9-34C2-417E-A2DF-E498D9CDAA64
SENSITY-kc-14-D06163E3-B175-4DAD-AC91-1461A1163819,SENSITY-kc-14-96D96E4D-3944-458D-909B-451BE269C77E
SENSITY-kc-14-D06163E3-B175-4DAD-AC91-1461A1163819,SENSITY-kc-14-9D926468-22D7-4988-890C-15EA06006BFB
SENSITY-kc-14-D06163E3-B175-4DAD-AC91-1461A1163819,SENSITY-kc-14-B752EBFE-DF55-4F11-8763-7D378FA71A03
SENSITY-kc-14-D06163E3-B175-4DAD-AC91-1461A1163819,SENSITY-kc-14-9C71B41C-7EAB-4F18-8811-5BD78BC809A5
SENSITY-kc-14-D04897E8-FDCE-44D4-944C-0E897B897BE3,SENSITY-kc-14-5F4BF3C4-38DB-474D-8F88-7C4690116B66
SENSITY-kc-14-D04897E8-FDCE-44D4-944C-0E897B897BE3,SENSITY-kc-14-7270301E-0634-4220-AFC1-5182F196A483
SENSITY-kc-14-D04897E8-FDCE-44D4-944C-0E897B897BE3,SENSITY-kc-14-3E6635CA-D05B-41D4-867A-B18AEAD4AB39
SENSITY-kc-14-D04897E8-FDCE-44D4-944C-0E897B897BE3,SENSITY-kc-14-D4A35CFC-474C-44D0-9954-DD792F2E6121
SENSITY-kc-14-D04897E8-FDCE-44D4-944C-0E897B897BE3,SENSITY-kc-14-E0F86EE9-F6C0-43DF-A6C1-C2EDD2F6D322
SENSITY-kc-14-D04897E8-FDCE-44D4-944C-0E897B897BE3,SENSITY-kc-14-91EFA6E7-148D-4616-A3F6-884966D98315
SENSITY-kc-14-D04897E8-FDCE-44D4-944C-0E897B897BE3,SENSITY-kc-14-7505B17A-4919-4F0E-A561-07AF993AF6F6
SENSITY-kc-14-5F4BF3C4-38DB-474D-8F88-7C4690116B66,SENSITY-kc-14-7270301E-0634-4220-AFC1-5182F196A483
SENSITY-kc-14-5F4BF3C4-38DB-474D-8F88-7C4690116B66,SENSITY-kc-14-3E6635CA-D05B-41D4-867A-B18AEAD4AB39
SENSITY-kc-14-5F4BF3C4-38DB-474D-8F88-7C4690116B66,SENSITY-kc-14-D4A35CFC-474C-44D0-9954-DD792F2E6121
SENSITY-kc-14-5F4BF3C4-38DB-474D-8F88-7C4690116B66,SENSITY-kc-14-E0F86EE9-F6C0-43DF-A6C1-C2EDD2F6D322
SENSITY-kc-14-5F4BF3C4-38DB-474D-8F88-7C4690116B66,SENSITY-kc-14-91EFA6E7-148D-4616-A3F6-884966D98315
SENSITY-kc-14-5F4BF3C4-38DB-474D-8F88-7C4690116B66,SENSITY-kc-14-7505B17A-4919-4F0E-A561-07AF993AF6F6
SENSITY-kc-14-A0FB27EF-C45D-46C3-AF59-4C2BDCC79B1C,SENSITY-kc-14-96D96E4D-3944-458D-909B-451BE269C77E
SENSITY-kc-14-A0FB27EF-C45D-46C3-AF59-4C2BDCC79B1C,SENSITY-kc-14-7270301E-0634-4220-AFC1-5182F196A483
SENSITY-kc-14-A0FB27EF-C45D-46C3-AF59-4C2BDCC79B1C,SENSITY-kc-14-9D926468-22D7-4988-890C-15EA06006BFB
SENSITY-kc-14-A0FB27EF-C45D-46C3-AF59-4C2BDCC79B1C,SENSITY-kc-14-902C210C-3F8E-4D4B-8A7F-202484172DB2
SENSITY-kc-14-A0FB27EF-C45D-46C3-AF59-4C2BDCC79B1C,SENSITY-kc-14-B752EBFE-DF55-4F11-8763-7D378FA71A03
SENSITY-kc-14-A0FB27EF-C45D-46C3-AF59-4C2BDCC79B1C,SENSITY-kc-14-91EFA6E7-148D-4616-A3F6-884966D98315
SENSITY-kc-14-9E2AF1B9-34C2-417E-A2DF-E498D9CDAA64,SENSITY-kc-14-03740008-63C0-4D7C-A25F-63C7041508D2
SENSITY-kc-14-9E2AF1B9-34C2-417E-A2DF-E498D9CDAA64,SENSITY-kc-14-9C71B41C-7EAB-4F18-8811-5BD78BC809A5
SENSITY-kc-14-96D96E4D-3944-458D-909B-451BE269C77E,SENSITY-kc-14-9D926468-22D7-4988-890C-15EA06006BFB
SENSITY-kc-14-96D96E4D-3944-458D-909B-451BE269C77E,SENSITY-kc-14-B752EBFE-DF55-4F11-8763-7D378FA71A03
SENSITY-kc-14-7270301E-0634-4220-AFC1-5182F196A483,SENSITY-kc-14-9D926468-22D7-4988-890C-15EA06006BFB
SENSITY-kc-14-7270301E-0634-4220-AFC1-5182F196A483,SENSITY-kc-14-902C210C-3F8E-4D4B-8A7F-202484172DB2
SENSITY-kc-14-7270301E-0634-4220-AFC1-5182F196A483,SENSITY-kc-14-B752EBFE-DF55-4F11-8763-7D378FA71A03
SENSITY-kc-14-7270301E-0634-4220-AFC1-5182F196A483,SENSITY-kc-14-D4A35CFC-474C-44D0-9954-DD792F2E6121
SENSITY-kc-14-7270301E-0634-4220-AFC1-5182F196A483,SENSITY-kc-14-91EFA6E7-148D-4616-A3F6-884966D98315
SENSITY-kc-14-03740008-63C0-4D7C-A25F-63C7041508D2,SENSITY-kc-14-9C71B41C-7EAB-4F18-8811-5BD78BC809A5
SENSITY-kc-14-B87ACBD7-1872-40AC-8ABE-6F0ED71AD6F5,SENSITY-kc-14-BA626A5E-461A-4E60-AD7D-25F20120CF03
SENSITY-kc-14-B87ACBD7-1872-40AC-8ABE-6F0ED71AD6F5,SENSITY-kc-14-3F06A51D-A2E3-4303-B8A8-F229867208CA
SENSITY-kc-14-B87ACBD7-1872-40AC-8ABE-6F0ED71AD6F5,SENSITY-kc-14-39D9801A-84DB-4DC8-815C-5A6FACA059BA
SENSITY-kc-14-B87ACBD7-1872-40AC-8ABE-6F0ED71AD6F5,SENSITY-kc-14-2F1635B4-42AF-475F-A864-819296128E09
SENSITY-kc-14-9D926468-22D7-4988-890C-15EA06006BFB,SENSITY-kc-14-902C210C-3F8E-4D4B-8A7F-202484172DB2
SENSITY-kc-14-9D926468-22D7-4988-890C-15EA06006BFB,SENSITY-kc-14-B752EBFE-DF55-4F11-8763-7D378FA71A03
SENSITY-kc-14-9D926468-22D7-4988-890C-15EA06006BFB,SENSITY-kc-14-91EFA6E7-148D-4616-A3F6-884966D98315
SENSITY-kc-14-BA626A5E-461A-4E60-AD7D-25F20120CF03,SENSITY-kc-14-3F06A51D-A2E3-4303-B8A8-F229867208CA
SENSITY-kc-14-BA626A5E-461A-4E60-AD7D-25F20120CF03,SENSITY-kc-14-39D9801A-84DB-4DC8-815C-5A6FACA059BA
SENSITY-kc-14-BA626A5E-461A-4E60-AD7D-25F20120CF03,SENSITY-kc-14-2F1635B4-42AF-475F-A864-819296128E09
SENSITY-kc-14-3E6635CA-D05B-41D4-867A-B18AEAD4AB39,SENSITY-kc-14-D4A35CFC-474C-44D0-9954-DD792F2E6121
SENSITY-kc-14-3E6635CA-D05B-41D4-867A-B18AEAD4AB39,SENSITY-kc-14-E0F86EE9-F6C0-43DF-A6C1-C2EDD2F6D322
SENSITY-kc-14-3E6635CA-D05B-41D4-867A-B18AEAD4AB39,SENSITY-kc-14-91EFA6E7-148D-4616-A3F6-884966D98315
SENSITY-kc-14-3E6635CA-D05B-41D4-867A-B18AEAD4AB39,SENSITY-kc-14-7505B17A-4919-4F0E-A561-07AF993AF6F6
SENSITY-kc-14-902C210C-3F8E-4D4B-8A7F-202484172DB2,SENSITY-kc-14-B752EBFE-DF55-4F11-8763-7D378FA71A03
SENSITY-kc-14-902C210C-3F8E-4D4B-8A7F-202484172DB2,SENSITY-kc-14-D4A35CFC-474C-44D0-9954-DD792F2E6121
SENSITY-kc-14-902C210C-3F8E-4D4B-8A7F-202484172DB2,SENSITY-kc-14-91EFA6E7-148D-4616-A3F6-884966D98315
SENSITY-kc-14-B752EBFE-DF55-4F11-8763-7D378FA71A03,SENSITY-kc-14-D4A35CFC-474C-44D0-9954-DD792F2E6121
SENSITY-kc-14-B752EBFE-DF55-4F11-8763-7D378FA71A03,SENSITY-kc-14-91EFA6E7-148D-4616-A3F6-884966D98315
SENSITY-kc-14-3F06A51D-A2E3-4303-B8A8-F229867208CA,SENSITY-kc-14-39D9801A-84DB-4DC8-815C-5A6FACA059BA
SENSITY-kc-14-3F06A51D-A2E3-4303-B8A8-F229867208CA,SENSITY-kc-14-2F1635B4-42AF-475F-A864-819296128E09
SENSITY-kc-14-39D9801A-84DB-4DC8-815C-5A6FACA059BA,SENSITY-kc-14-2F1635B4-42AF-475F-A864-819296128E09
SENSITY-kc-14-28CB0995-C58A-4FF8-8A3A-D82735671ACB,SENSITY-kc-14-990B4081-FECB-4D76-8688-F88208F0B6D6
SENSITY-kc-14-28CB0995-C58A-4FF8-8A3A-D82735671ACB,SENSITY-kc-14-EAE4B615-53E9-49F6-A354-B86D9A928259
SENSITY-kc-14-28CB0995-C58A-4FF8-8A3A-D82735671ACB,SENSITY-kc-14-5718890D-B56F-4399-B39A-1FA15215B19A
SENSITY-kc-14-28CB0995-C58A-4FF8-8A3A-D82735671ACB,SENSITY-kc-14-3FF8828B-1D05-43A3-ACB8-53DDBAE7E64F
SENSITY-kc-14-28CB0995-C58A-4FF8-8A3A-D82735671ACB,SENSITY-kc-14-C7D5F67E-C7F3-4E58-97CF-AE39B4F0DEC8
SENSITY-kc-14-28CB0995-C58A-4FF8-8A3A-D82735671ACB,SENSITY-kc-14-0A1CC9A5-D0BC-4ADC-9EC0-B923DCA45665
SENSITY-kc-14-28CB0995-C58A-4FF8-8A3A-D82735671ACB,SENSITY-kc-14-4DD3842C-53A5-407F-B984-669FC35458E6
SENSITY-kc-14-28CB0995-C58A-4FF8-8A3A-D82735671ACB,SENSITY-kc-14-57D20B55-3CFE-409E-A115-4D707A44BEDD
SENSITY-kc-14-28CB0995-C58A-4FF8-8A3A-D82735671ACB,SENSITY-kc-14-F917547D-3EBD-478E-8EC4-F4E51A55946D
SENSITY-kc-14-28CB0995-C58A-4FF8-8A3A-D82735671ACB,SENSITY-kc-14-5EB284A1-CC77-4055-AA24-900561DCA28B
SENSITY-kc-14-28CB0995-C58A-4FF8-8A3A-D82735671ACB,SENSITY-kc-14-DD46E90C-E675-49DC-8474-FAA44FD2084E
SENSITY-kc-14-28CB0995-C58A-4FF8-8A3A-D82735671ACB,SENSITY-kc-14-5936CEAD-84F2-4F6C-BDEA-8BCE52F817F8
SENSITY-kc-14-28CB0995-C58A-4FF8-8A3A-D82735671ACB,SENSITY-kc-14-F22897DC-160F-4795-BC7B-0C3D477426B0
SENSITY-kc-14-28CB0995-C58A-4FF8-8A3A-D82735671ACB,SENSITY-kc-14-D8E323C8-C22D-4FB2-85B8-10F958983E6E
SENSITY-kc-14-D4A35CFC-474C-44D0-9954-DD792F2E6121,SENSITY-kc-14-E0F86EE9-F6C0-43DF-A6C1-C2EDD2F6D322
SENSITY-kc-14-D4A35CFC-474C-44D0-9954-DD792F2E6121,SENSITY-kc-14-91EFA6E7-148D-4616-A3F6-884966D98315
SENSITY-kc-14-D4A35CFC-474C-44D0-9954-DD792F2E6121,SENSITY-kc-14-7505B17A-4919-4F0E-A561-07AF993AF6F6
SENSITY-kc-14-990B4081-FECB-4D76-8688-F88208F0B6D6,SENSITY-kc-14-EAE4B615-53E9-49F6-A354-B86D9A928259
SENSITY-kc-14-990B4081-FECB-4D76-8688-F88208F0B6D6,SENSITY-kc-14-5718890D-B56F-4399-B39A-1FA15215B19A
SENSITY-kc-14-990B4081-FECB-4D76-8688-F88208F0B6D6,SENSITY-kc-14-3FF8828B-1D05-43A3-ACB8-53DDBAE7E64F
SENSITY-kc-14-990B4081-FECB-4D76-8688-F88208F0B6D6,SENSITY-kc-14-C7D5F67E-C7F3-4E58-97CF-AE39B4F0DEC8
SENSITY-kc-14-990B4081-FECB-4D76-8688-F88208F0B6D6,SENSITY-kc-14-0A1CC9A5-D0BC-4ADC-9EC0-B923DCA45665
SENSITY-kc-14-990B4081-FECB-4D76-8688-F88208F0B6D6,SENSITY-kc-14-4DD3842C-53A5-407F-B984-669FC35458E6
SENSITY-kc-14-990B4081-FECB-4D76-8688-F88208F0B6D6,SENSITY-kc-14-57D20B55-3CFE-409E-A115-4D707A44BEDD
SENSITY-kc-14-990B4081-FECB-4D76-8688-F88208F0B6D6,SENSITY-kc-14-F917547D-3EBD-478E-8EC4-F4E51A55946D
SENSITY-kc-14-990B4081-FECB-4D76-8688-F88208F0B6D6,SENSITY-kc-14-5EB284A1-CC77-4055-AA24-900561DCA28B
SENSITY-kc-14-990B4081-FECB-4D76-8688-F88208F0B6D6,SENSITY-kc-14-DD46E90C-E675-49DC-8474-FAA44FD2084E
SENSITY-kc-14-990B4081-FECB-4D76-8688-F88208F0B6D6,SENSITY-kc-14-5936CEAD-84F2-4F6C-BDEA-8BCE52F817F8
SENSITY-kc-14-990B4081-FECB-4D76-8688-F88208F0B6D6,SENSITY-kc-14-F22897DC-160F-4795-BC7B-0C3D477426B0
SENSITY-kc-14-990B4081-FECB-4D76-8688-F88208F0B6D6,SENSITY-kc-14-D8E323C8-C22D-4FB2-85B8-10F958983E6E
SENSITY-kc-14-EAE4B615-53E9-49F6-A354-B86D9A928259,SENSITY-kc-14-5718890D-B56F-4399-B39A-1FA15215B19A
SENSITY-kc-14-EAE4B615-53E9-49F6-A354-B86D9A928259,SENSITY-kc-14-3FF8828B-1D05-43A3-ACB8-53DDBAE7E64F
SENSITY-kc-14-EAE4B615-53E9-49F6-A354-B86D9A928259,SENSITY-kc-14-C7D5F67E-C7F3-4E58-97CF-AE39B4F0DEC8
SENSITY-kc-14-EAE4B615-53E9-49F6-A354-B86D9A928259,SENSITY-kc-14-0A1CC9A5-D0BC-4ADC-9EC0-B923DCA45665
SENSITY-kc-14-EAE4B615-53E9-49F6-A354-B86D9A928259,SENSITY-kc-14-4DD3842C-53A5-407F-B984-669FC35458E6
SENSITY-kc-14-EAE4B615-53E9-49F6-A354-B86D9A928259,SENSITY-kc-14-57D20B55-3CFE-409E-A115-4D707A44BEDD
SENSITY-kc-14-EAE4B615-53E9-49F6-A354-B86D9A928259,SENSITY-kc-14-F917547D-3EBD-478E-8EC4-F4E51A55946D
SENSITY-kc-14-EAE4B615-53E9-49F6-A354-B86D9A928259,SENSITY-kc-14-5EB284A1-CC77-4055-AA24-900561DCA28B
SENSITY-kc-14-EAE4B615-53E9-49F6-A354-B86D9A928259,SENSITY-kc-14-DD46E90C-E675-49DC-8474-FAA44FD2084E
SENSITY-kc-14-EAE4B615-53E9-49F6-A354-B86D9A928259,SENSITY-kc-14-5936CEAD-84F2-4F6C-BDEA-8BCE52F817F8
SENSITY-kc-14-EAE4B615-53E9-49F6-A354-B86D9A928259,SENSITY-kc-14-F22897DC-160F-4795-BC7B-0C3D477426B0
SENSITY-kc-14-EAE4B615-53E9-49F6-A354-B86D9A928259,SENSITY-kc-14-D8E323C8-C22D-4FB2-85B8-10F958983E6E
SENSITY-kc-14-5718890D-B56F-4399-B39A-1FA15215B19A,SENSITY-kc-14-3FF8828B-1D05-43A3-ACB8-53DDBAE7E64F
SENSITY-kc-14-5718890D-B56F-4399-B39A-1FA15215B19A,SENSITY-kc-14-C7D5F67E-C7F3-4E58-97CF-AE39B4F0DEC8
SENSITY-kc-14-5718890D-B56F-4399-B39A-1FA15215B19A,SENSITY-kc-14-0A1CC9A5-D0BC-4ADC-9EC0-B923DCA45665
SENSITY-kc-14-5718890D-B56F-4399-B39A-1FA15215B19A,SENSITY-kc-14-4DD3842C-53A5-407F-B984-669FC35458E6
SENSITY-kc-14-5718890D-B56F-4399-B39A-1FA15215B19A,SENSITY-kc-14-57D20B55-3CFE-409E-A115-4D707A44BEDD
SENSITY-kc-14-5718890D-B56F-4399-B39A-1FA15215B19A,SENSITY-kc-14-F917547D-3EBD-478E-8EC4-F4E51A55946D
SENSITY-kc-14-5718890D-B56F-4399-B39A-1FA15215B19A,SENSITY-kc-14-5EB284A1-CC77-4055-AA24-900561DCA28B
SENSITY-kc-14-5718890D-B56F-4399-B39A-1FA15215B19A,SENSITY-kc-14-DD46E90C-E675-49DC-8474-FAA44FD2084E
SENSITY-kc-14-5718890D-B56F-4399-B39A-1FA15215B19A,SENSITY-kc-14-5936CEAD-84F2-4F6C-BDEA-8BCE52F817F8
SENSITY-kc-14-5718890D-B56F-4399-B39A-1FA15215B19A,SENSITY-kc-14-F22897DC-160F-4795-BC7B-0C3D477426B0
SENSITY-kc-14-5718890D-B56F-4399-B39A-1FA15215B19A,SENSITY-kc-14-D8E323C8-C22D-4FB2-85B8-10F958983E6E
SENSITY-kc-14-3FF8828B-1D05-43A3-ACB8-53DDBAE7E64F,SENSITY-kc-14-C7D5F67E-C7F3-4E58-97CF-AE39B4F0DEC8
SENSITY-kc-14-3FF8828B-1D05-43A3-ACB8-53DDBAE7E64F,SENSITY-kc-14-0A1CC9A5-D0BC-4ADC-9EC0-B923DCA45665
SENSITY-kc-14-3FF8828B-1D05-43A3-ACB8-53DDBAE7E64F,SENSITY-kc-14-4DD3842C-53A5-407F-B984-669FC35458E6
SENSITY-kc-14-3FF8828B-1D05-43A3-ACB8-53DDBAE7E64F,SENSITY-kc-14-57D20B55-3CFE-409E-A115-4D707A44BEDD
SENSITY-kc-14-3FF8828B-1D05-43A3-ACB8-53DDBAE7E64F,SENSITY-kc-14-F917547D-3EBD-478E-8EC4-F4E51A55946D
SENSITY-kc-14-3FF8828B-1D05-43A3-ACB8-53DDBAE7E64F,SENSITY-kc-14-5EB284A1-CC77-4055-AA24-900561DCA28B
SENSITY-kc-14-3FF8828B-1D05-43A3-ACB8-53DDBAE7E64F,SENSITY-kc-14-DD46E90C-E675-49DC-8474-FAA44FD2084E
SENSITY-kc-14-3FF8828B-1D05-43A3-ACB8-53DDBAE7E64F,SENSITY-kc-14-5936CEAD-84F2-4F6C-BDEA-8BCE52F817F8
SENSITY-kc-14-3FF8828B-1D05-43A3-ACB8-53DDBAE7E64F,SENSITY-kc-14-F22897DC-160F-4795-BC7B-0C3D477426B0
SENSITY-kc-14-3FF8828B-1D05-43A3-ACB8-53DDBAE7E64F,SENSITY-kc-14-D8E323C8-C22D-4FB2-85B8-10F958983E6E
SENSITY-kc-14-C7D5F67E-C7F3-4E58-97CF-AE39B4F0DEC8,SENSITY-kc-14-0A1CC9A5-D0BC-4ADC-9EC0-B923DCA45665
SENSITY-kc-14-C7D5F67E-C7F3-4E58-97CF-AE39B4F0DEC8,SENSITY-kc-14-4DD3842C-53A5-407F-B984-669FC35458E6
SENSITY-kc-14-C7D5F67E-C7F3-4E58-97CF-AE39B4F0DEC8,SENSITY-kc-14-57D20B55-3CFE-409E-A115-4D707A44BEDD
SENSITY-kc-14-C7D5F67E-C7F3-4E58-97CF-AE39B4F0DEC8,SENSITY-kc-14-F917547D-3EBD-478E-8EC4-F4E51A55946D
SENSITY-kc-14-C7D5F67E-C7F3-4E58-97CF-AE39B4F0DEC8,SENSITY-kc-14-5EB284A1-CC77-4055-AA24-900561DCA28B
SENSITY-kc-14-C7D5F67E-C7F3-4E58-97CF-AE39B4F0DEC8,SENSITY-kc-14-DD46E90C-E675-49DC-8474-FAA44FD2084E
SENSITY-kc-14-C7D5F67E-C7F3-4E58-97CF-AE39B4F0DEC8,SENSITY-kc-14-5936CEAD-84F2-4F6C-BDEA-8BCE52F817F8
SENSITY-kc-14-C7D5F67E-C7F3-4E58-97CF-AE39B4F0DEC8,SENSITY-kc-14-F22897DC-160F-4795-BC7B-0C3D477426B0
SENSITY-kc-14-C7D5F67E-C7F3-4E58-97CF-AE39B4F0DEC8,SENSITY-kc-14-D8E323C8-C22D-4FB2-85B8-10F958983E6E
SENSITY-kc-14-0A1CC9A5-D0BC-4ADC-9EC0-B923DCA45665,SENSITY-kc-14-4DD3842C-53A5-407F-B984-669FC35458E6
SENSITY-kc-14-0A1CC9A5-D0BC-4ADC-9EC0-B923DCA45665,SENSITY-kc-14-57D20B55-3CFE-409E-A115-4D707A44BEDD
SENSITY-kc-14-0A1CC9A5-D0BC-4ADC-9EC0-B923DCA45665,SENSITY-kc-14-F917547D-3EBD-478E-8EC4-F4E51A55946D
SENSITY-kc-14-0A1CC9A5-D0BC-4ADC-9EC0-B923DCA45665,SENSITY-kc-14-5EB284A1-CC77-4055-AA24-900561DCA28B
SENSITY-kc-14-0A1CC9A5-D0BC-4ADC-9EC0-B923DCA45665,SENSITY-kc-14-DD46E90C-E675-49DC-8474-FAA44FD2084E
SENSITY-kc-14-0A1CC9A5-D0BC-4ADC-9EC0-B923DCA45665,SENSITY-kc-14-5936CEAD-84F2-4F6C-BDEA-8BCE52F817F8
SENSITY-kc-14-0A1CC9A5-D0BC-4ADC-9EC0-B923DCA45665,SENSITY-kc-14-F22897DC-160F-4795-BC7B-0C3D477426B0
SENSITY-kc-14-0A1CC9A5-D0BC-4ADC-9EC0-B923DCA45665,SENSITY-kc-14-D8E323C8-C22D-4FB2-85B8-10F958983E6E
SENSITY-kc-14-E0F86EE9-F6C0-43DF-A6C1-C2EDD2F6D322,SENSITY-kc-14-91EFA6E7-148D-4616-A3F6-884966D98315
SENSITY-kc-14-E0F86EE9-F6C0-43DF-A6C1-C2EDD2F6D322,SENSITY-kc-14-7505B17A-4919-4F0E-A561-07AF993AF6F6
SENSITY-kc-14-4DD3842C-53A5-407F-B984-669FC35458E6,SENSITY-kc-14-57D20B55-3CFE-409E-A115-4D707A44BEDD
SENSITY-kc-14-4DD3842C-53A5-407F-B984-669FC35458E6,SENSITY-kc-14-F917547D-3EBD-478E-8EC4-F4E51A55946D
SENSITY-kc-14-4DD3842C-53A5-407F-B984-669FC35458E6,SENSITY-kc-14-5EB284A1-CC77-4055-AA24-900561DCA28B
SENSITY-kc-14-4DD3842C-53A5-407F-B984-669FC35458E6,SENSITY-kc-14-DD46E90C-E675-49DC-8474-FAA44FD2084E
SENSITY-kc-14-4DD3842C-53A5-407F-B984-669FC35458E6,SENSITY-kc-14-5936CEAD-84F2-4F6C-BDEA-8BCE52F817F8
SENSITY-kc-14-4DD3842C-53A5-407F-B984-669FC35458E6,SENSITY-kc-14-F22897DC-160F-4795-BC7B-0C3D477426B0
SENSITY-kc-14-4DD3842C-53A5-407F-B984-669FC35458E6,SENSITY-kc-14-D8E323C8-C22D-4FB2-85B8-10F958983E6E
SENSITY-kc-14-57D20B55-3CFE-409E-A115-4D707A44BEDD,SENSITY-kc-14-F917547D-3EBD-478E-8EC4-F4E51A55946D
SENSITY-kc-14-57D20B55-3CFE-409E-A115-4D707A44BEDD,SENSITY-kc-14-5EB284A1-CC77-4055-AA24-900561DCA28B
SENSITY-kc-14-57D20B55-3CFE-409E-A115-4D707A44BEDD,SENSITY-kc-14-DD46E90C-E675-49DC-8474-FAA44FD2084E
SENSITY-kc-14-57D20B55-3CFE-409E-A115-4D707A44BEDD,SENSITY-kc-14-5936CEAD-84F2-4F6C-BDEA-8BCE52F817F8
SENSITY-kc-14-57D20B55-3CFE-409E-A115-4D707A44BEDD,SENSITY-kc-14-F22897DC-160F-4795-BC7B-0C3D477426B0
SENSITY-kc-14-57D20B55-3CFE-409E-A115-4D707A44BEDD,SENSITY-kc-14-D8E323C8-C22D-4FB2-85B8-10F958983E6E
SENSITY-kc-14-F917547D-3EBD-478E-8EC4-F4E51A55946D,SENSITY-kc-14-5EB284A1-CC77-4055-AA24-900561DCA28B
SENSITY-kc-14-F917547D-3EBD-478E-8EC4-F4E51A55946D,SENSITY-kc-14-DD46E90C-E675-49DC-8474-FAA44FD2084E
SENSITY-kc-14-F917547D-3EBD-478E-8EC4-F4E51A55946D,SENSITY-kc-14-5936CEAD-84F2-4F6C-BDEA-8BCE52F817F8
SENSITY-kc-14-F917547D-3EBD-478E-8EC4-F4E51A55946D,SENSITY-kc-14-F22897DC-160F-4795-BC7B-0C3D477426B0
SENSITY-kc-14-F917547D-3EBD-478E-8EC4-F4E51A55946D,SENSITY-kc-14-D8E323C8-C22D-4FB2-85B8-10F958983E6E
SENSITY-kc-14-91EFA6E7-148D-4616-A3F6-884966D98315,SENSITY-kc-14-7505B17A-4919-4F0E-A561-07AF993AF6F6
SENSITY-kc-14-5EB284A1-CC77-4055-AA24-900561DCA28B,SENSITY-kc-14-DD46E90C-E675-49DC-8474-FAA44FD2084E
SENSITY-kc-14-5EB284A1-CC77-4055-AA24-900561DCA28B,SENSITY-kc-14-5936CEAD-84F2-4F6C-BDEA-8BCE52F817F8
SENSITY-kc-14-5EB284A1-CC77-4055-AA24-900561DCA28B,SENSITY-kc-14-F22897DC-160F-4795-BC7B-0C3D477426B0
SENSITY-kc-14-5EB284A1-CC77-4055-AA24-900561DCA28B,SENSITY-kc-14-D8E323C8-C22D-4FB2-85B8-10F958983E6E
SENSITY-kc-14-DD46E90C-E675-49DC-8474-FAA44FD2084E,SENSITY-kc-14-5936CEAD-84F2-4F6C-BDEA-8BCE52F817F8
SENSITY-kc-14-DD46E90C-E675-49DC-8474-FAA44FD2084E,SENSITY-kc-14-F22897DC-160F-4795-BC7B-0C3D477426B0
SENSITY-kc-14-DD46E90C-E675-49DC-8474-FAA44FD2084E,SENSITY-kc-14-D8E323C8-C22D-4FB2-85B8-10F958983E6E
SENSITY-kc-14-5936CEAD-84F2-4F6C-BDEA-8BCE52F817F8,SENSITY-kc-14-F22897DC-160F-4795-BC7B-0C3D477426B0
SENSITY-kc-14-5936CEAD-84F2-4F6C-BDEA-8BCE52F817F8,SENSITY-kc-14-D8E323C8-C22D-4FB2-85B8-10F958983E6E
SENSITY-kc-14-F22897DC-160F-4795-BC7B-0C3D477426B0,SENSITY-kc-14-D8E323C8-C22D-4FB2-85B8-10F958983E6E
SENSITY-kc-15-73687D44-C961-4CC9-9611-BF2C151A8C1E,SENSITY-kc-15-E62CD34E-3D90-4458-BE04-3F3AE6B05266
SENSITY-kc-15-73687D44-C961-4CC9-9611-BF2C151A8C1E,SENSITY-kc-15-3C66B657-C5AE-4145-9081-3987A3E92FBC
SENSITY-kc-15-73687D44-C961-4CC9-9611-BF2C151A8C1E,SENSITY-kc-15-1F4D0E92-21C6-4172-85A4-D65F6EA831E1
SENSITY-kc-15-73687D44-C961-4CC9-9611-BF2C151A8C1E,SENSITY-kc-15-C507F61A-6D31-4D10-8638-66695782302E
SENSITY-kc-15-73687D44-C961-4CC9-9611-BF2C151A8C1E,SENSITY-kc-15-1A0D229E-E46D-4FE7-AF69-F1C2860F722C
SENSITY-kc-15-1B5A637C-FC8C-4823-9A6B-0E2B759AA79E,SENSITY-kc-15-40817432-91EB-4C57-AB2E-A1FDFBC32225
SENSITY-kc-15-1B5A637C-FC8C-4823-9A6B-0E2B759AA79E,SENSITY-kc-15-BE3259D7-17C7-4AC0-9524-8246C95B1DC2
SENSITY-kc-15-1B5A637C-FC8C-4823-9A6B-0E2B759AA79E,SENSITY-kc-15-E62CD34E-3D90-4458-BE04-3F3AE6B05266
SENSITY-kc-15-1B5A637C-FC8C-4823-9A6B-0E2B759AA79E,SENSITY-kc-15-6E19EACC-12CF-4D76-934D-166CC93A14E3
SENSITY-kc-15-1B5A637C-FC8C-4823-9A6B-0E2B759AA79E,SENSITY-kc-15-649AF164-03CF-4475-9226-5BAC4B42787D
SENSITY-kc-15-FEF6A352-6952-406C-B837-8F4681F8379E,SENSITY-kc-15-0481F3F8-AEDB-44A3-9FB7-AF5D097BEB93
SENSITY-kc-15-FEF6A352-6952-406C-B837-8F4681F8379E,SENSITY-kc-15-4F39A0A3-C944-4E19-9D4E-B4F0265A4696
SENSITY-kc-15-FEF6A352-6952-406C-B837-8F4681F8379E,SENSITY-kc-15-640C8DD7-62A3-464C-A3F2-DA5173F239D0
SENSITY-kc-15-FEF6A352-6952-406C-B837-8F4681F8379E,SENSITY-kc-15-4B69328A-01AF-4299-847F-83F4888818E0
SENSITY-kc-15-FEF6A352-6952-406C-B837-8F4681F8379E,SENSITY-kc-15-1E11C683-4EF2-4067-9F10-D94F1D4CC612
SENSITY-kc-15-FEF6A352-6952-406C-B837-8F4681F8379E,SENSITY-kc-15-E1624451-3766-469D-B2AF-00FCDA99AECB
SENSITY-kc-15-40817432-91EB-4C57-AB2E-A1FDFBC32225,SENSITY-kc-15-BE3259D7-17C7-4AC0-9524-8246C95B1DC2
SENSITY-kc-15-40817432-91EB-4C57-AB2E-A1FDFBC32225,SENSITY-kc-15-E62CD34E-3D90-4458-BE04-3F3AE6B05266
SENSITY-kc-15-40817432-91EB-4C57-AB2E-A1FDFBC32225,SENSITY-kc-15-6E19EACC-12CF-4D76-934D-166CC93A14E3
SENSITY-kc-15-40817432-91EB-4C57-AB2E-A1FDFBC32225,SENSITY-kc-15-649AF164-03CF-4475-9226-5BAC4B42787D
SENSITY-kc-15-BE3259D7-17C7-4AC0-9524-8246C95B1DC2,SENSITY-kc-15-E62CD34E-3D90-4458-BE04-3F3AE6B05266
SENSITY-kc-15-BE3259D7-17C7-4AC0-9524-8246C95B1DC2,SENSITY-kc-15-6E19EACC-12CF-4D76-934D-166CC93A14E3
SENSITY-kc-15-BE3259D7-17C7-4AC0-9524-8246C95B1DC2,SENSITY-kc-15-649AF164-03CF-4475-9226-5BAC4B42787D
SENSITY-kc-15-0481F3F8-AEDB-44A3-9FB7-AF5D097BEB93,SENSITY-kc-15-4F39A0A3-C944-4E19-9D4E-B4F0265A4696
SENSITY-kc-15-0481F3F8-AEDB-44A3-9FB7-AF5D097BEB93,SENSITY-kc-15-640C8DD7-62A3-464C-A3F2-DA5173F239D0
SENSITY-kc-15-0481F3F8-AEDB-44A3-9FB7-AF5D097BEB93,SENSITY-kc-15-B14F4349-74E9-4E2D-A7B0-5471276D3BA9
SENSITY-kc-15-0481F3F8-AEDB-44A3-9FB7-AF5D097BEB93,SENSITY-kc-15-7EC1999A-D184-4C5D-9AFA-B5E8444C8135
SENSITY-kc-15-0481F3F8-AEDB-44A3-9FB7-AF5D097BEB93,SENSITY-kc-15-4B69328A-01AF-4299-847F-83F4888818E0
SENSITY-kc-15-0481F3F8-AEDB-44A3-9FB7-AF5D097BEB93,SENSITY-kc-15-DD56F346-1B1C-4E12-BF7A-F903C7733175
SENSITY-kc-15-0481F3F8-AEDB-44A3-9FB7-AF5D097BEB93,SENSITY-kc-15-1E11C683-4EF2-4067-9F10-D94F1D4CC612
SENSITY-kc-15-0481F3F8-AEDB-44A3-9FB7-AF5D097BEB93,SENSITY-kc-15-E1624451-3766-469D-B2AF-00FCDA99AECB
SENSITY-kc-15-D6A88BC0-1F7D-4B9D-9897-D8B91C29D27C,SENSITY-kc-15-0B3B0E90-4CA5-4014-86FA-8DB057BE55CD
SENSITY-kc-15-D6A88BC0-1F7D-4B9D-9897-D8B91C29D27C,SENSITY-kc-15-3D93F193-4752-45CC-922F-024E46C07C38
SENSITY-kc-15-D6A88BC0-1F7D-4B9D-9897-D8B91C29D27C,SENSITY-kc-15-8D11C622-127A-4730-8B0C-FAED449921B0
SENSITY-kc-15-D6A88BC0-1F7D-4B9D-9897-D8B91C29D27C,SENSITY-kc-15-7EC1999A-D184-4C5D-9AFA-B5E8444C8135
SENSITY-kc-15-D6A88BC0-1F7D-4B9D-9897-D8B91C29D27C,SENSITY-kc-15-A4ADFA12-25B0-4DCB-B2D4-DD7C15AFCA45
SENSITY-kc-15-D6A88BC0-1F7D-4B9D-9897-D8B91C29D27C,SENSITY-kc-15-DD56F346-1B1C-4E12-BF7A-F903C7733175
SENSITY-kc-15-D6A88BC0-1F7D-4B9D-9897-D8B91C29D27C,SENSITY-kc-15-9A916D53-8066-45D1-9414-E1B65B9B317E
SENSITY-kc-15-0B3B0E90-4CA5-4014-86FA-8DB057BE55CD,SENSITY-kc-15-3D93F193-4752-45CC-922F-024E46C07C38
SENSITY-kc-15-0B3B0E90-4CA5-4014-86FA-8DB057BE55CD,SENSITY-kc-15-8D11C622-127A-4730-8B0C-FAED449921B0
SENSITY-kc-15-0B3B0E90-4CA5-4014-86FA-8DB057BE55CD,SENSITY-kc-15-A4ADFA12-25B0-4DCB-B2D4-DD7C15AFCA45
SENSITY-kc-15-0B3B0E90-4CA5-4014-86FA-8DB057BE55CD,SENSITY-kc-15-9A916D53-8066-45D1-9414-E1B65B9B317E
SENSITY-kc-15-3D93F193-4752-45CC-922F-024E46C07C38,SENSITY-kc-15-8D11C622-127A-4730-8B0C-FAED449921B0
SENSITY-kc-15-3D93F193-4752-45CC-922F-024E46C07C38,SENSITY-kc-15-A4ADFA12-25B0-4DCB-B2D4-DD7C15AFCA45
SENSITY-kc-15-3D93F193-4752-45CC-922F-024E46C07C38,SENSITY-kc-15-9A916D53-8066-45D1-9414-E1B65B9B317E
SENSITY-kc-15-E62CD34E-3D90-4458-BE04-3F3AE6B05266,SENSITY-kc-15-C507F61A-6D31-4D10-8638-66695782302E
SENSITY-kc-15-E62CD34E-3D90-4458-BE04-3F3AE6B05266,SENSITY-kc-15-649AF164-03CF-4475-9226-5BAC4B42787D
SENSITY-kc-15-3C66B657-C5AE-4145-9081-3987A3E92FBC,SENSITY-kc-15-1F4D0E92-21C6-4172-85A4-D65F6EA831E1
SENSITY-kc-15-3C66B657-C5AE-4145-9081-3987A3E92FBC,SENSITY-kc-15-C507F61A-6D31-4D10-8638-66695782302E
SENSITY-kc-15-3C66B657-C5AE-4145-9081-3987A3E92FBC,SENSITY-kc-15-1A0D229E-E46D-4FE7-AF69-F1C2860F722C
SENSITY-kc-15-1F4D0E92-21C6-4172-85A4-D65F6EA831E1,SENSITY-kc-15-C507F61A-6D31-4D10-8638-66695782302E
SENSITY-kc-15-1F4D0E92-21C6-4172-85A4-D65F6EA831E1,SENSITY-kc-15-1A0D229E-E46D-4FE7-AF69-F1C2860F722C
SENSITY-kc-15-C507F61A-6D31-4D10-8638-66695782302E,SENSITY-kc-15-1A0D229E-E46D-4FE7-AF69-F1C2860F722C
SENSITY-kc-15-4F39A0A3-C944-4E19-9D4E-B4F0265A4696,SENSITY-kc-15-640C8DD7-62A3-464C-A3F2-DA5173F239D0
SENSITY-kc-15-4F39A0A3-C944-4E19-9D4E-B4F0265A4696,SENSITY-kc-15-7EC1999A-D184-4C5D-9AFA-B5E8444C8135
SENSITY-kc-15-4F39A0A3-C944-4E19-9D4E-B4F0265A4696,SENSITY-kc-15-4B69328A-01AF-4299-847F-83F4888818E0
SENSITY-kc-15-4F39A0A3-C944-4E19-9D4E-B4F0265A4696,SENSITY-kc-15-E1624451-3766-469D-B2AF-00FCDA99AECB
SENSITY-kc-15-640C8DD7-62A3-464C-A3F2-DA5173F239D0,SENSITY-kc-15-B14F4349-74E9-4E2D-A7B0-5471276D3BA9
SENSITY-kc-15-640C8DD7-62A3-464C-A3F2-DA5173F239D0,SENSITY-kc-15-7EC1999A-D184-4C5D-9AFA-B5E8444C8135
SENSITY-kc-15-640C8DD7-62A3-464C-A3F2-DA5173F239D0,SENSITY-kc-15-4B69328A-01AF-4299-847F-83F4888818E0
SENSITY-kc-15-640C8DD7-62A3-464C-A3F2-DA5173F239D0,SENSITY-kc-15-DD56F346-1B1C-4E12-BF7A-F903C7733175
SENSITY-kc-15-640C8DD7-62A3-464C-A3F2-DA5173F239D0,SENSITY-kc-15-1E11C683-4EF2-4067-9F10-D94F1D4CC612
SENSITY-kc-15-640C8DD7-62A3-464C-A3F2-DA5173F239D0,SENSITY-kc-15-E1624451-3766-469D-B2AF-00FCDA99AECB
SENSITY-kc-15-8D11C622-127A-4730-8B0C-FAED449921B0,SENSITY-kc-15-A4ADFA12-25B0-4DCB-B2D4-DD7C15AFCA45
SENSITY-kc-15-8D11C622-127A-4730-8B0C-FAED449921B0,SENSITY-kc-15-9A916D53-8066-45D1-9414-E1B65B9B317E
SENSITY-kc-15-B14F4349-74E9-4E2D-A7B0-5471276D3BA9,SENSITY-kc-15-7EC1999A-D184-4C5D-9AFA-B5E8444C8135
SENSITY-kc-15-B14F4349-74E9-4E2D-A7B0-5471276D3BA9,SENSITY-kc-15-DD56F346-1B1C-4E12-BF7A-F903C7733175
SENSITY-kc-15-7EC1999A-D184-4C5D-9AFA-B5E8444C8135,SENSITY-kc-15-4B69328A-01AF-4299-847F-83F4888818E0
SENSITY-kc-15-7EC1999A-D184-4C5D-9AFA-B5E8444C8135,SENSITY-kc-15-DD56F346-1B1C-4E12-BF7A-F903C7733175
SENSITY-kc-15-7EC1999A-D184-4C5D-9AFA-B5E8444C8135,SENSITY-kc-15-E1624451-3766-469D-B2AF-00FCDA99AECB
SENSITY-kc-15-7EC1999A-D184-4C5D-9AFA-B5E8444C8135,SENSITY-kc-15-9A916D53-8066-45D1-9414-E1B65B9B317E
SENSITY-kc-15-A4ADFA12-25B0-4DCB-B2D4-DD7C15AFCA45,SENSITY-kc-15-9A916D53-8066-45D1-9414-E1B65B9B317E
SENSITY-kc-15-6E19EACC-12CF-4D76-934D-166CC93A14E3,SENSITY-kc-15-649AF164-03CF-4475-9226-5BAC4B42787D
SENSITY-kc-15-4B69328A-01AF-4299-847F-83F4888818E0,SENSITY-kc-15-E1624451-3766-469D-B2AF-00FCDA99AECB
SENSITY-kc-15-DD56F346-1B1C-4E12-BF7A-F903C7733175,SENSITY-kc-15-E1624451-3766-469D-B2AF-00FCDA99AECB
SENSITY-kc-15-DD56F346-1B1C-4E12-BF7A-F903C7733175,SENSITY-kc-15-9A916D53-8066-45D1-9414-E1B65B9B317E
SENSITY-kc-15-1E11C683-4EF2-4067-9F10-D94F1D4CC612,SENSITY-kc-15-E1624451-3766-469D-B2AF-00FCDA99AECB
SENSITY-kc-17-522A8775-13ED-47B0-9EA3-2ABDD019B9CB,SENSITY-kc-17-E9805A5F-CC57-4CF4-96C0-C390544A6D53
SENSITY-kc-17-522A8775-13ED-47B0-9EA3-2ABDD019B9CB,SENSITY-kc-17-D0F7D2C1-7E98-4592-9FA9-1D945FA08BD4
SENSITY-kc-17-522A8775-13ED-47B0-9EA3-2ABDD019B9CB,SENSITY-kc-17-F0D40CA5-2ADC-4C3B-B6B6-C22D65A1ADBF
SENSITY-kc-17-522A8775-13ED-47B0-9EA3-2ABDD019B9CB,SENSITY-kc-17-E18010AA-71FA-4DE5-AF52-677EFBCF8D43
SENSITY-kc-17-522A8775-13ED-47B0-9EA3-2ABDD019B9CB,SENSITY-kc-17-814A987F-DCA6-4FC3-971D-EB8A7DC8AFC9
SENSITY-kc-17-522A8775-13ED-47B0-9EA3-2ABDD019B9CB,SENSITY-kc-17-F75D91FE-F44F-4EE4-9958-EF6544908ECE
SENSITY-kc-17-522A8775-13ED-47B0-9EA3-2ABDD019B9CB,SENSITY-kc-17-8E680F21-B4E3-4284-823F-EC3A0D3C4103
SENSITY-kc-17-522A8775-13ED-47B0-9EA3-2ABDD019B9CB,SENSITY-kc-17-6C98A269-752E-42BB-B0D5-91C7295AC75B
SENSITY-kc-17-522A8775-13ED-47B0-9EA3-2ABDD019B9CB,SENSITY-kc-17-FA01DBD7-37A7-4348-975A-995D614E9943
SENSITY-kc-17-C95C748D-B7D2-45E0-805C-C3085287343D,SENSITY-kc-17-E9805A5F-CC57-4CF4-96C0-C390544A6D53
SENSITY-kc-17-C95C748D-B7D2-45E0-805C-C3085287343D,SENSITY-kc-17-D0F7D2C1-7E98-4592-9FA9-1D945FA08BD4
SENSITY-kc-17-C95C748D-B7D2-45E0-805C-C3085287343D,SENSITY-kc-17-F0D40CA5-2ADC-4C3B-B6B6-C22D65A1ADBF
SENSITY-kc-17-C95C748D-B7D2-45E0-805C-C3085287343D,SENSITY-kc-17-E18010AA-71FA-4DE5-AF52-677EFBCF8D43
SENSITY-kc-17-C95C748D-B7D2-45E0-805C-C3085287343D,SENSITY-kc-17-814A987F-DCA6-4FC3-971D-EB8A7DC8AFC9
SENSITY-kc-17-C95C748D-B7D2-45E0-805C-C3085287343D,SENSITY-kc-17-F37CF3E8-FA47-4FA2-8CA6-A2A29E898E92
SENSITY-kc-17-C95C748D-B7D2-45E0-805C-C3085287343D,SENSITY-kc-17-54E37A06-BCDA-4167-9E0C-BB667B8FF539
SENSITY-kc-17-C95C748D-B7D2-45E0-805C-C3085287343D,SENSITY-kc-17-8E680F21-B4E3-4284-823F-EC3A0D3C4103
SENSITY-kc-17-C95C748D-B7D2-45E0-805C-C3085287343D,SENSITY-kc-17-6C98A269-752E-42BB-B0D5-91C7295AC75B
SENSITY-kc-17-C95C748D-B7D2-45E0-805C-C3085287343D,SENSITY-kc-17-44E3A4C2-C736-457A-A05B-343D2E61CB7C
SENSITY-kc-17-C95C748D-B7D2-45E0-805C-C3085287343D,SENSITY-kc-17-FA01DBD7-37A7-4348-975A-995D614E9943
SENSITY-kc-17-E9805A5F-CC57-4CF4-96C0-C390544A6D53,SENSITY-kc-17-D0F7D2C1-7E98-4592-9FA9-1D945FA08BD4
SENSITY-kc-17-E9805A5F-CC57-4CF4-96C0-C390544A6D53,SENSITY-kc-17-F0D40CA5-2ADC-4C3B-B6B6-C22D65A1ADBF
SENSITY-kc-17-E9805A5F-CC57-4CF4-96C0-C390544A6D53,SENSITY-kc-17-E18010AA-71FA-4DE5-AF52-677EFBCF8D43
SENSITY-kc-17-E9805A5F-CC57-4CF4-96C0-C390544A6D53,SENSITY-kc-17-814A987F-DCA6-4FC3-971D-EB8A7DC8AFC9
SENSITY-kc-17-E9805A5F-CC57-4CF4-96C0-C390544A6D53,SENSITY-kc-17-F75D91FE-F44F-4EE4-9958-EF6544908ECE
SENSITY-kc-17-E9805A5F-CC57-4CF4-96C0-C390544A6D53,SENSITY-kc-17-8E680F21-B4E3-4284-823F-EC3A0D3C4103
SENSITY-kc-17-E9805A5F-CC57-4CF4-96C0-C390544A6D53,SENSITY-kc-17-6C98A269-752E-42BB-B0D5-91C7295AC75B
SENSITY-kc-17-E9805A5F-CC57-4CF4-96C0-C390544A6D53,SENSITY-kc-17-44E3A4C2-C736-457A-A05B-343D2E61CB7C
SENSITY-kc-17-E9805A5F-CC57-4CF4-96C0-C390544A6D53,SENSITY-kc-17-FA01DBD7-37A7-4348-975A-995D614E9943
SENSITY-kc-17-D0F7D2C1-7E98-4592-9FA9-1D945FA08BD4,SENSITY-kc-17-F0D40CA5-2ADC-4C3B-B6B6-C22D65A1ADBF
SENSITY-kc-17-D0F7D2C1-7E98-4592-9FA9-1D945FA08BD4,SENSITY-kc-17-E18010AA-71FA-4DE5-AF52-677EFBCF8D43
SENSITY-kc-17-D0F7D2C1-7E98-4592-9FA9-1D945FA08BD4,SENSITY-kc-17-814A987F-DCA6-4FC3-971D-EB8A7DC8AFC9
SENSITY-kc-17-D0F7D2C1-7E98-4592-9FA9-1D945FA08BD4,SENSITY-kc-17-F75D91FE-F44F-4EE4-9958-EF6544908ECE
SENSITY-kc-17-D0F7D2C1-7E98-4592-9FA9-1D945FA08BD4,SENSITY-kc-17-8E680F21-B4E3-4284-823F-EC3A0D3C4103
SENSITY-kc-17-D0F7D2C1-7E98-4592-9FA9-1D945FA08BD4,SENSITY-kc-17-6C98A269-752E-42BB-B0D5-91C7295AC75B
SENSITY-kc-17-D0F7D2C1-7E98-4592-9FA9-1D945FA08BD4,SENSITY-kc-17-FA01DBD7-37A7-4348-975A-995D614E9943
SENSITY-kc-17-F0D40CA5-2ADC-4C3B-B6B6-C22D65A1ADBF,SENSITY-kc-17-E18010AA-71FA-4DE5-AF52-677EFBCF8D43
SENSITY-kc-17-F0D40CA5-2ADC-4C3B-B6B6-C22D65A1ADBF,SENSITY-kc-17-814A987F-DCA6-4FC3-971D-EB8A7DC8AFC9
SENSITY-kc-17-F0D40CA5-2ADC-4C3B-B6B6-C22D65A1ADBF,SENSITY-kc-17-F37CF3E8-FA47-4FA2-8CA6-A2A29E898E92
SENSITY-kc-17-F0D40CA5-2ADC-4C3B-B6B6-C22D65A1ADBF,SENSITY-kc-17-54E37A06-BCDA-4167-9E0C-BB667B8FF539
SENSITY-kc-17-F0D40CA5-2ADC-4C3B-B6B6-C22D65A1ADBF,SENSITY-kc-17-F75D91FE-F44F-4EE4-9958-EF6544908ECE
SENSITY-kc-17-F0D40CA5-2ADC-4C3B-B6B6-C22D65A1ADBF,SENSITY-kc-17-8E680F21-B4E3-4284-823F-EC3A0D3C4103
SENSITY-kc-17-F0D40CA5-2ADC-4C3B-B6B6-C22D65A1ADBF,SENSITY-kc-17-6C98A269-752E-42BB-B0D5-91C7295AC75B
SENSITY-kc-17-F0D40CA5-2ADC-4C3B-B6B6-C22D65A1ADBF,SENSITY-kc-17-44E3A4C2-C736-457A-A05B-343D2E61CB7C
SENSITY-kc-17-F0D40CA5-2ADC-4C3B-B6B6-C22D65A1ADBF,SENSITY-kc-17-FA01DBD7-37A7-4348-975A-995D614E9943
SENSITY-kc-17-E18010AA-71FA-4DE5-AF52-677EFBCF8D43,SENSITY-kc-17-814A987F-DCA6-4FC3-971D-EB8A7DC8AFC9
SENSITY-kc-17-E18010AA-71FA-4DE5-AF52-677EFBCF8D43,SENSITY-kc-17-F75D91FE-F44F-4EE4-9958-EF6544908ECE
SENSITY-kc-17-E18010AA-71FA-4DE5-AF52-677EFBCF8D43,SENSITY-kc-17-8E680F21-B4E3-4284-823F-EC3A0D3C4103
SENSITY-kc-17-E18010AA-71FA-4DE5-AF52-677EFBCF8D43,SENSITY-kc-17-6C98A269-752E-42BB-B0D5-91C7295AC75B
SENSITY-kc-17-E18010AA-71FA-4DE5-AF52-677EFBCF8D43,SENSITY-kc-17-FA01DBD7-37A7-4348-975A-995D614E9943
SENSITY-kc-17-814A987F-DCA6-4FC3-971D-EB8A7DC8AFC9,SENSITY-kc-17-F37CF3E8-FA47-4FA2-8CA6-A2A29E898E92
SENSITY-kc-17-814A987F-DCA6-4FC3-971D-EB8A7DC8AFC9,SENSITY-kc-17-54E37A06-BCDA-4167-9E0C-BB667B8FF539
SENSITY-kc-17-814A987F-DCA6-4FC3-971D-EB8A7DC8AFC9,SENSITY-kc-17-F75D91FE-F44F-4EE4-9958-EF6544908ECE
SENSITY-kc-17-814A987F-DCA6-4FC3-971D-EB8A7DC8AFC9,SENSITY-kc-17-8E680F21-B4E3-4284-823F-EC3A0D3C4103
SENSITY-kc-17-814A987F-DCA6-4FC3-971D-EB8A7DC8AFC9,SENSITY-kc-17-6C98A269-752E-42BB-B0D5-91C7295AC75B
SENSITY-kc-17-814A987F-DCA6-4FC3-971D-EB8A7DC8AFC9,SENSITY-kc-17-44E3A4C2-C736-457A-A05B-343D2E61CB7C
SENSITY-kc-17-814A987F-DCA6-4FC3-971D-EB8A7DC8AFC9,SENSITY-kc-17-FA01DBD7-37A7-4348-975A-995D614E9943
SENSITY-kc-17-F37CF3E8-FA47-4FA2-8CA6-A2A29E898E92,SENSITY-kc-17-54E37A06-BCDA-4167-9E0C-BB667B8FF539
SENSITY-kc-17-F37CF3E8-FA47-4FA2-8CA6-A2A29E898E92,SENSITY-kc-17-8E680F21-B4E3-4284-823F-EC3A0D3C4103
SENSITY-kc-17-F37CF3E8-FA47-4FA2-8CA6-A2A29E898E92,SENSITY-kc-17-6C98A269-752E-42BB-B0D5-91C7295AC75B
SENSITY-kc-17-F37CF3E8-FA47-4FA2-8CA6-A2A29E898E92,SENSITY-kc-17-44E3A4C2-C736-457A-A05B-343D2E61CB7C
SENSITY-kc-17-F37CF3E8-FA47-4FA2-8CA6-A2A29E898E92,SENSITY-kc-17-FA01DBD7-37A7-4348-975A-995D614E9943
SENSITY-kc-17-54E37A06-BCDA-4167-9E0C-BB667B8FF539,SENSITY-kc-17-8E680F21-B4E3-4284-823F-EC3A0D3C4103
SENSITY-kc-17-54E37A06-BCDA-4167-9E0C-BB667B8FF539,SENSITY-kc-17-44E3A4C2-C736-457A-A05B-343D2E61CB7C
SENSITY-kc-17-54E37A06-BCDA-4167-9E0C-BB667B8FF539,SENSITY-kc-17-FA01DBD7-37A7-4348-975A-995D614E9943
SENSITY-kc-17-F75D91FE-F44F-4EE4-9958-EF6544908ECE,SENSITY-kc-17-8E680F21-B4E3-4284-823F-EC3A0D3C4103
SENSITY-kc-17-F75D91FE-F44F-4EE4-9958-EF6544908ECE,SENSITY-kc-17-6C98A269-752E-42BB-B0D5-91C7295AC75B
SENSITY-kc-17-F75D91FE-F44F-4EE4-9958-EF6544908ECE,SENSITY-kc-17-FA01DBD7-37A7-4348-975A-995D614E9943
SENSITY-kc-17-8E680F21-B4E3-4284-823F-EC3A0D3C4103,SENSITY-kc-17-6C98A269-752E-42BB-B0D5-91C7295AC75B
SENSITY-kc-17-8E680F21-B4E3-4284-823F-EC3A0D3C4103,SENSITY-kc-17-44E3A4C2-C736-457A-A05B-343D2E61CB7C
SENSITY-kc-17-8E680F21-B4E3-4284-823F-EC3A0D3C4103,SENSITY-kc-17-FA01DBD7-37A7-4348-975A-995D614E9943
SENSITY-kc-17-6C98A269-752E-42BB-B0D5-91C7295AC75B,SENSITY-kc-17-44E3A4C2-C736-457A-A05B-343D2E61CB7C
SENSITY-kc-17-6C98A269-752E-42BB-B0D5-91C7295AC75B,SENSITY-kc-17-FA01DBD7-37A7-4348-975A-995D614E9943
SENSITY-kc-17-44E3A4C2-C736-457A-A05B-343D2E61CB7C,SENSITY-kc-17-FA01DBD7-37A7-4348-975A-995D614E9943
SENSITY-kc-18-48EE59BB-C590-4D4F-925C-A76307EED40E,SENSITY-kc-18-0BC5122D-472F-4D85-A370-5E97D792051E
SENSITY-kc-18-48EE59BB-C590-4D4F-925C-A76307EED40E,SENSITY-kc-18-7CF999C5-C893-44B9-A59F-BC1148EE4537
SENSITY-kc-18-069B7457-6CA0-4643-91BF-B7E6FBC7C061,SENSITY-kc-18-E0CECDCB-024F-4819-90D1-455CA476FE0E
SENSITY-kc-18-09ADEFF6-028E-4458-AF24-17DE4422C161,SENSITY-kc-18-99262CE1-8B5D-45D2-A07D-189C5E51BC72
SENSITY-kc-18-09ADEFF6-028E-4458-AF24-17DE4422C161,SENSITY-kc-18-EF11F370-30AB-4C93-AFF7-89CA9B6FA118
SENSITY-kc-18-0BC5122D-472F-4D85-A370-5E97D792051E,SENSITY-kc-18-7CF999C5-C893-44B9-A59F-BC1148EE4537
SENSITY-kc-18-99262CE1-8B5D-45D2-A07D-189C5E51BC72,SENSITY-kc-18-EF11F370-30AB-4C93-AFF7-89CA9B6FA118
SENSITY-kc-18-A6CCF339-E6DF-4AD0-B6D2-7E06C62EFA9D,SENSITY-kc-18-41BF62EF-64F4-43B2-B024-7F0B54BFD4E2
SENSITY-kc-22-12C4F585-AF45-4488-8A86-7700A64163D8,SENSITY-kc-22-D0FCC5D0-CA62-4AE1-9762-E062725D86B2
SENSITY-kc-22-6027B78B-66D3-4F30-81A7-D82B9C76B74C,SENSITY-kc-22-D0FCC5D0-CA62-4AE1-9762-E062725D86B2
SENSITY-kc-22-6027B78B-66D3-4F30-81A7-D82B9C76B74C,SENSITY-kc-22-A2A6ED84-9EC4-4B96-A005-60708E4C433A
SENSITY-kc-22-D0FCC5D0-CA62-4AE1-9762-E062725D86B2,SENSITY-kc-22-A2A6ED84-9EC4-4B96-A005-60708E4C433A
SENSITY-kc-23-40685496-6B8B-4543-BC17-3AD36A23D779,SENSITY-kc-23-23131B3B-6B6E-49A9-9DB5-9CC1107EEBC0
SENSITY-kc-23-40685496-6B8B-4543-BC17-3AD36A23D779,SENSITY-kc-23-EA3BF589-7151-4C02-B07F-B522032ECD62
SENSITY-kc-23-40685496-6B8B-4543-BC17-3AD36A23D779,SENSITY-kc-23-F3EE9388-9456-479D-AE2A-ADBEBCB44E97
SENSITY-kc-23-40685496-6B8B-4543-BC17-3AD36A23D779,SENSITY-kc-23-AF5A7036-6F10-4AB6-883F-C26382F4F517
SENSITY-kc-23-40685496-6B8B-4543-BC17-3AD36A23D779,SENSITY-kc-23-E541A7D3-DDA9-41FE-81BA-CEEB0EFF7111
SENSITY-kc-23-40685496-6B8B-4543-BC17-3AD36A23D779,SENSITY-kc-23-761625AD-43A5-41F0-B0A3-940D59B7155F
SENSITY-kc-23-23131B3B-6B6E-49A9-9DB5-9CC1107EEBC0,SENSITY-kc-23-EA3BF589-7151-4C02-B07F-B522032ECD62
SENSITY-kc-23-23131B3B-6B6E-49A9-9DB5-9CC1107EEBC0,SENSITY-kc-23-F3EE9388-9456-479D-AE2A-ADBEBCB44E97
SENSITY-kc-23-23131B3B-6B6E-49A9-9DB5-9CC1107EEBC0,SENSITY-kc-23-AF5A7036-6F10-4AB6-883F-C26382F4F517
SENSITY-kc-23-23131B3B-6B6E-49A9-9DB5-9CC1107EEBC0,SENSITY-kc-23-E541A7D3-DDA9-41FE-81BA-CEEB0EFF7111
SENSITY-kc-23-23131B3B-6B6E-49A9-9DB5-9CC1107EEBC0,SENSITY-kc-23-61EA388D-6B8C-43BB-A662-8A2045794B8F
SENSITY-kc-23-23131B3B-6B6E-49A9-9DB5-9CC1107EEBC0,SENSITY-kc-23-761625AD-43A5-41F0-B0A3-940D59B7155F
SENSITY-kc-23-EA3BF589-7151-4C02-B07F-B522032ECD62,SENSITY-kc-23-F3EE9388-9456-479D-AE2A-ADBEBCB44E97
SENSITY-kc-23-EA3BF589-7151-4C02-B07F-B522032ECD62,SENSITY-kc-23-AF5A7036-6F10-4AB6-883F-C26382F4F517
SENSITY-kc-23-EA3BF589-7151-4C02-B07F-B522032ECD62,SENSITY-kc-23-E541A7D3-DDA9-41FE-81BA-CEEB0EFF7111
SENSITY-kc-23-EA3BF589-7151-4C02-B07F-B522032ECD62,SENSITY-kc-23-761625AD-43A5-41F0-B0A3-940D59B7155F
SENSITY-kc-23-F3EE9388-9456-479D-AE2A-ADBEBCB44E97,SENSITY-kc-23-AF5A7036-6F10-4AB6-883F-C26382F4F517
SENSITY-kc-23-F3EE9388-9456-479D-AE2A-ADBEBCB44E97,SENSITY-kc-23-E541A7D3-DDA9-41FE-81BA-CEEB0EFF7111
SENSITY-kc-23-F3EE9388-9456-479D-AE2A-ADBEBCB44E97,SENSITY-kc-23-761625AD-43A5-41F0-B0A3-940D59B7155F
SENSITY-kc-23-AF5A7036-6F10-4AB6-883F-C26382F4F517,SENSITY-kc-23-E541A7D3-DDA9-41FE-81BA-CEEB0EFF7111
SENSITY-kc-23-AF5A7036-6F10-4AB6-883F-C26382F4F517,SENSITY-kc-23-761625AD-43A5-41F0-B0A3-940D59B7155F
SENSITY-kc-23-E541A7D3-DDA9-41FE-81BA-CEEB0EFF7111,SENSITY-kc-23-761625AD-43A5-41F0-B0A3-940D59B7155F
SENSITY-kc-23-61EA388D-6B8C-43BB-A662-8A2045794B8F,SENSITY-kc-23-660F2C10-5359-421A-80CD-BBD89488204B
SENSITY-kc-23-CCA21BDA-3255-411C-AF31-82A6CACA6A9B,SENSITY-kc-23-660F2C10-5359-421A-80CD-BBD89488204B
